id,name,common_name,calories,protein,carbs,fat,sodium
A0100101,大麥仁,"小薏仁,洋薏仁,珍珠薏仁",365,8.6,77.1,1.6,13
A0110101,大麥片,,365,8.6,76.7,1.8,7
A0120101,大麥仁粉,"小薏仁粉,洋薏仁粉,珍珠薏仁粉",389,7.1,85,1.3,10
A0200101,小米,,370,11.3,71.7,3.7,1
A0200201,糯小米,,360,12.5,72.5,1.5,1
A0300101,小麥,,362,14.1,69.2,2.6,1
A0310101,小麥胚芽,,417,31.4,47.9,11.6,3
A0320101,去筋麵粉,澄粉,355,0.2,85.7,0.1,29
A0320202,低筋麵粉,,364,8.1,78.2,1.2,1
A0320301,中筋麵粉,,361,11.5,74.1,1.3,4
A0320404,高筋麵粉,,362,12.9,73.1,1.2,1
A0320405,高筋麵粉,強力粉,362,13.8,72.2,1.3,1
A0320505,全麥麵粉,,359,13,71.4,1.7,2
A0320601,雜糧中筋麵粉,,361,13.1,72,2.3,2
A0320702,雜糧高筋麵粉,,360,14.3,69.6,2.8,2
A0400101,白玉米,,66,3.4,11.5,0.6,5
A0400201,紫玉米,,168,4.5,34.4,1,1
A0400301,甜玉米,"玉米,黃玉米",107,3.3,17.8,2.5,2
A0400401,雙色水果玉米,"玉米,黃玉米",105,3.1,17.5,2.6,0
A0400501,糯玉米,,172,4.7,33.4,1.9,1
A0400601,冷凍玉米粒,,174,3.1,22.5,8.2,8
A0410101,乾玉米粒,,373,10.9,72.2,3.9,1
A0410201,玉米胚芽,"玉米仁,珍珠米",366,7,80.3,0.9,1
A0420101,玉米粉,,369,0.3,88.3,0.4,14
A05001,秈米平均值,"在來米,長米",357,7.8,77.4,0.9,2
A0500101,秈米(台中在來2號),"在來米,長米",355,8.2,76.3,1,2
A0500102,秈米(台中秈10號),"在來米,長米",358,7.4,78.5,0.7,2
A0500103,秈米(台中秈10號)(2024年取樣),"在來米,長米",357,6.1,79.8,0.6,0
A05002,?米平均值,"蓬萊米,圓米",354,7,77.8,0.7,2
A0500201,?米(台中189號),"蓬萊米,圓米",356,7.5,78.1,0.6,3
A0500202,?米(台南11號),"蓬萊米,圓米",348,6.7,77.2,0.5,2
A0500203,?米(台?2號),"蓬萊米,圓米",357,7.2,78.7,0.5,2
A0500204,?米(台?8號),"蓬萊米,圓米",355,6.9,78.8,0.4,2
A0500205,?米(台?9號),"蓬萊米,圓米",353,6.6,78.2,0.6,2
A0500206,?米(台農71號),"蓬萊米,圓米,益全香米",357,7.9,77.8,0.6,2
A0500207,?米(高雄139號),"蓬萊米,圓米",357,6.1,78.5,1.2,2
A0500208,?米(高雄142號),"蓬萊米,圓米",353,7,77.7,0.6,4
A0500209,?米(高雄145號),,364,6.8,80,1,1
A0500210,?米(高雄139號)(2021年取樣),"蓬萊米,圓米",352,5.7,79.2,0.5,1
A0500301,越光米,"蓬萊米,圓米",340,7.6,73.3,1,1
A0500302,越光米(台南16號)(2024年取樣),"蓬萊米,圓米",356,6.9,79.1,0.3,1
A0500401,秈型糯米(台中糯70號),長糯米,361,7.9,78.4,0.9,1
A05005,?型糯米平均值,圓糯米,358,8.3,77.4,0.8,3
A0500501,?型糯米,圓糯米,359,8.4,78,0.5,2
A0500502,?型糯米(台?糯1號),圓糯米,358,8.2,76.8,1.1,4
A0500601,野生紅米,,360,7.7,74.7,2.6,8
A0500701,紅糯糙米,,362,9.9,72.6,2.8,1
A0500801,黑秈糯糙米,"黑糯米,紫糯米,紫米,貢米,長生米",357,10.1,70.1,3.5,3
A0500901,胚芽秈米(台中秈10號),,363,8.3,76.1,2.1,2
A05010,胚芽?米平均值,,362,8.2,76.8,1.6,1
A0501001,胚芽?米(台?10號）,,360,7.3,77.2,1.7,1
A0501002,胚芽?米(台?9號),,363,9.1,76.5,1.5,2
A05011,發芽?米平均值,發芽糙米,355,7.8,74,2.3,3
A0501103,發芽?米(台?71號),"發芽糙米,益全香米發芽米",357,7.4,73.9,2.8,3
A0501104,發芽?米(台?9號）,發芽糙米,353,8.2,74.1,1.9,3
A0501201,糙秈米,糙米,359,7.3,73.6,3.2,4
A05013,糙?米平均值,糙米,364,7.4,76.6,2.3,3
A0501301,糙?米(台?71號),益全香米糙米,360,9,73.6,2.6,3
A0501302,糙?米(台?9號),糙米,364,7.4,76.6,2.3,3
A0501401,黑秈糙米,黑米,363,7.5,74,3.5,1
A0510101,加鈣米,,355,7.4,77.7,0.7,8
A0510201,高纖米,高纖蓬萊米,363,8.3,75.2,2.5,3
A0510301,五穀米,,358,8.7,72.9,2.9,2
A0510401,米胚芽,,391,17,52.9,12.7,5
A0520201,秈米粉,在來米粉,363,4.2,83.4,0.4,10
A0520301,糙米粉,,393,11.3,78.1,3.2,6
A0520401,白糯米粉,,360,4.5,82.3,0.4,16
A0550601,白飯,,183,3.1,41,0.3,2
A0600101,高梁,,372,11,73.6,3,3
A0600201,糯高梁,,362,10.7,75.7,1,0
A0710101,黑麥片,,359,7.8,77.3,1.2,1
A0800101,燕麥,,406,10.9,67.4,10.2,4
A0810101,燕麥片,,393,12.3,64.1,9.7,3
A0810201,即食燕麥片,,406,11.9,67.9,9.6,3
A0900101,蕎麥(甜蕎),三角米,361,11,71.3,2.9,2
A1000101,薏仁,"薏仁,薏苡仁",378,14.1,66.2,6.1,2
A1000201,糙薏仁,紅薏仁,387,13.7,65.9,7.4,1
A1020101,薏仁粉,,395,10.9,80,3.5,11
A1100101,紅藜麥,,379,12.1,66.8,6.7,2
A1100201,台灣藜(紅)(帶殼),"藜,赤藜,紫藜,紅心藜,紅藜,食用藜",386,14.9,62.3,8.5,1
B0100101,淮山,"山芋,山薯,田薯,薯蕷,長薯;淮山(加工後)",363,5.3,82.4,0.3,11
B01002,山藥平均值,"山芋,山薯,田薯,薯蕷,長薯;淮山(加工後)",85,2.8,17.8,0.1,4
B0100201,山藥(二刺),"山芋,山薯,田薯,薯蕷,長薯;淮山(加工後)",89,2.7,18.9,0.1,2
B0100202,山藥(大汕1號),"山芋,山薯,田薯,薯蕷,長薯;淮山(加工後)",80,2.4,17,0.1,4
B0100203,山藥(大汕3號),"山芋,山薯,田薯,薯蕷,長薯;淮山(加工後)",73,2.6,15,0.1,2
B0100204,山藥(大刺),"山芋,山薯,田薯,薯蕷,長薯;淮山(加工後)",85,3.5,17.1,0.1,8
B0100205,山藥(中國長品),"山芋,山薯,田薯,薯蕷,長薯;淮山(加工後)",74,2.5,15.5,0.1,1
B0100206,山藥(台農1號),"山芋,山薯,田薯,薯蕷,長薯;淮山(加工後)",93,2.6,19.9,0.1,1
B0100207,山藥(台農2號),"山芋,山薯,田薯,薯蕷,長薯;淮山(加工後)",95,3.2,19.9,0.1,14
B0100208,山藥(白皮削),"山芋,山薯,田薯,薯蕷,長薯;淮山(加工後)",75,2.5,15.7,0.1,2
B0100209,山藥(尖石原生種),"山芋,山薯,田薯,薯蕷,長薯;淮山(加工後)",65,3.1,12.4,0.1,3
B0100210,山藥(宜蘭原生種),"山芋,山薯,田薯,薯蕷,長薯;淮山(加工後)",140,4.8,29.1,0.2,4
B0100211,山藥(花蓮3號),"山芋,山薯,田薯,薯蕷,長薯;淮山(加工後)",93,1.7,20.9,0.1,6
B0100212,山藥(青森),"山芋,山薯,田薯,薯蕷,長薯;淮山(加工後)",94,2.6,19.9,0.2,4
B0100213,山藥(高田),"山芋,山薯,田薯,薯蕷,長薯;淮山(加工後)",71,3.1,14,0.1,4
B0100214,山藥(白肉),日本山藥,69,2.1,14.4,0.1,1
B0200301,紫山藥,"山薯,田薯,薯蕷,長薯,血薯;淮山(加工後)",92,2.8,19.6,0.1,3
B0320101,木薯粉,樹薯粉,362,0.1,87.3,0.2,1
B0400101,白皮甘藷,"甘薯,番薯,甜薯,地瓜,田薯,土薯,白薯",119,1.3,27.5,0.1,73
B0400201,菱角牛奶甘藷,"甘薯,番薯,甜薯,地瓜,田薯,土薯,白薯",133,1.9,29.9,0.3,85
B0400301,芋心甘藷,"甘薯,番薯,甜薯,地瓜,田薯,土薯,紅薯,紫心甘薯,芋頭(仔)番薯",122,1.1,28.5,0.1,87
B0400401,紅肉甘藷,"甘薯,番薯,甜薯,地瓜,田薯,土薯",114,1.8,25.4,0.2,42
B0400501,金時甘藷,"甘薯,番薯,甜薯,地瓜,田薯,土薯",138,1.6,31.3,0.4,45
B0400601,黃肉甘藷,"甘薯,番薯,甜薯,地瓜,田薯,土薯",121,1.3,27.8,0.2,51
B0420101,甘藷粉,"甘薯粉,蕃薯粉,甜薯粉,地瓜粉",358,1,85.5,0.2,19
B0450101,油炸脫水甘藷,,525,2.3,61.2,30.1,305
B0500101,芋頭,"芋頭,芋艿,芋乃,芋仔,青芋,土芝",128,2.5,26.4,1.1,5
B0500201,小芋頭(山芋),"芋頭,芋艿,芋乃,芋仔,青芋,土芝",113,2.3,22.8,1.2,5
B0500301,檳榔心芋,"芋頭,芋艿,芋乃,芋仔,青芋,土芝",121,1.3,28.1,0,2
B0500302,檳榔心芋(2021年取樣),"芋頭,芋艿,芋乃,芋仔,青芋,土芝",107,1.1,24.8,0,0
B0500401,冷凍芋頭塊,,147,2.2,24.9,4.3,15
B0520101,芋頭粉,,333,0.1,83.1,0,34
B0600101,豆薯,"刈薯,涼薯,葛薯,沙葛,地瓜,三角薯",31,0.7,6.8,0.1,4
B0700101,紅馬鈴薯(粉紅珍珠馬鈴薯),"洋芋,洋薯,洋山芋,荷蘭薯,日本番薯,塊茄",66,1.6,14.4,0,2
B0700201,馬鈴薯,"洋芋,洋薯,洋山芋,荷蘭薯,日本番薯,塊茄",77,2.6,15.8,0.2,3
B0700202,馬鈴薯(2022年取樣),"洋芋,洋薯,洋山芋,荷蘭薯,日本番薯,塊茄",70,2.3,14.9,0,2
B0700301,小馬鈴薯(珍珠馬鈴薯),"洋芋,洋薯,洋山芋,荷蘭薯,日本番薯,塊茄",59,1.7,12.8,0,7
B0720101,馬鈴薯粉,太白粉,346,0.1,83.8,0.1,8
B0800101,荸薺,"水栗,地栗,馬蹄,馬薯,烏芋,水燈心草,海蔥仔,水蔥仔",67,1.7,14.5,0.1,21
B0820101,荸薺粉,"水栗粉,地栗粉,馬蹄粉,馬薯粉,烏芋粉,水燈心草粉,海蔥仔粉,水蔥仔粉",365,0.4,87.8,0.2,4
B0900101,蓮藕,"蓮根,藕,芙蕖,荷花藕",65,2,13.5,0.2,16
B0900201,熟蓮藕,"蓮根,藕,芙蕖,荷花藕",50,1.1,11,0.1,29
B0900202,熟蓮藕切片(水煮),"蓮根,藕,芙蕖,荷花藕",73,0.8,16.9,0,77
B0920101,蓮藕粉,,365,0.1,88.3,0.1,5
B1000101,菱角(生),"菱,芰,龍角,羊家,紅菱",76,1.9,16.1,0.3,21
B1000201,菱角仁(生),,118,4.1,24.1,0.3,15
B1000301,菱角(熟),"菱,芰,龍角,羊家,紅菱",146,4.2,31,0.3,16
B9900201,蒟蒻粉,,351,0.2,87.2,0.2,13
C0105101,甘扁桃仁片(生),杏仁片(生),564,27.3,17,47.8,20
C0110101,甘扁桃仁片(熟),杏仁片(熟),618,23.4,14.8,56.9,73
C0110201,甘扁桃仁(熟),杏仁果(熟),588,21.9,23.2,49.8,1
C0205101,松子仁(生),,678,16.6,9.4,69.5,4
C0210101,原味松子仁,,680,14.5,13,69,1
C0310101,原味夏威夷豆,夏威夷火山豆,700,7.5,18.2,71.6,1
C0405101,生核桃,,667,15.4,11.2,67.9,5
C0500101,栗子(生),,186,3.5,41.5,0.6,2
C0500202,栗子仁(生),,176,3.7,38.7,0.7,2
C0710101,開心果,,601,22.4,20.1,52.7,462
C0805101,腰果(生),,568,18.3,30.3,45.5,11
C0810101,原味腰果,,566,16.4,35.2,43.7,10
C0905101,原味榛果,,672,13,17.2,66.5,1
C1005101,山粉圓,,400,16.3,58,12.8,5
C1305101,亞麻仁籽,,524,20.8,28.1,40.3,46
C1320101,亞麻仁籽粉,,557,21.7,28.6,43.6,16
C1410101,咖啡豆(曼特寧),,437,13.9,65.1,14.9,2
C1505101,奇亞子,,483,21.7,34.8,31.8,0
C1605101,白芝麻(生),,598,22.3,15,54.9,39
C1605102,黑芝麻(生),,551,22.2,17.6,48.1,2
C1610101,白芝麻(熟),,626,20.3,15.7,58.7,24
C1610102,白芝麻(熟)2022年取樣),,601,21.7,21.2,52.4,18
C1610201,黑芝麻(熟),,599,17.3,20.6,54.4,2
C1610202,黑芝麻(熟)(2022年取樣),,591,20.7,21.1,51.8,1
C1620101,黑芝麻粉,,601,15.7,20.8,55.2,3
C1700101,帶殼花生(生),"土豆,長生果,落花生",331,15.3,12.2,27.2,1
C1700201,冷凍帶殼花生(熟),"土豆,長生果,落花生",344,17.2,13.3,27.4,363
C1700301,黑金剛花生(生),"花生,土豆,長壽果",553,27.6,16.6,46.6,23
C1705101,帶膜花生仁(生)(1995年之前取樣),"土豆,長生果,落花生",506,28.8,20.6,38.5,32
C1705201,去膜花生仁(生),"土豆,長生果,落花生",558,28.8,19.1,45.4,2
C1705301,帶膜花生仁(生)(2004年取樣),"土豆,長生果,落花生",516,23.6,28.4,38.1,13
C1710101,紅土帶殼花生(熟),"土豆,長生果,落花生",555,31.2,19.5,43.9,645
C1720101,花生粉,,516,28.5,33,33.8,11
C1800101,芡實,"雞頭米,雞頭",343,9.9,75.4,0.1,0
C2005101,愛玉子,"愛玉,草子仔,草枳子,天拋藤,玉枳,枳子,天拋,風不動",407,12.2,63.7,12.5,6
C2110101,原味葵瓜子(去殼),,586,22,18.7,51.9,1
C2200101,銀杏果,"白果,銀杏核,公孫樹子,鴨腳樹子,靈眼",142,4.1,28.9,1.2,14
C2300101,蓮子,,141,9.3,25.6,0.5,119
C2305101,蓮子(乾),,334,21.8,60.9,1.2,305
D0100101,山竹,"鳳果,都捻子,倒稔子,羅漢果,莽吉柿,果中之后",69,0.6,18.1,0.3,3
D02001,木瓜平均值,"番木瓜,番瓜",38,0.6,9.9,0.1,3
D0200101,木瓜(2月取樣),"番木瓜,番瓜",31,0.7,7.7,0.1,2
D0200102,木瓜(5月取樣),"番木瓜,番瓜",44,0.7,11.3,0.1,4
D0200103,木瓜(8月取樣),"番木瓜,番瓜",33,0.5,8.8,0,3
D0200104,木瓜(11月取樣),"番木瓜,番瓜",44,0.4,11.8,0.1,5
D0200201,青木瓜,"青番木瓜,青番瓜",29,0.6,7.2,0.1,5
D0300101,安石榴,"石榴, 榭榴, 謝榴, 樹榴",67,1.7,16.8,0.1,8
D0400101,百香果(台農一號),"時計果,西番果",102,2,21.3,2.2,2
D0430101,百香果汁,"時計果汁,西番果汁,西番蓮汁,美里瓜汁",73,0.9,18.6,0.4,1
D0500101,金黃奇異果,"彌猴桃,猴桃,猴梨,藤梨,毛桃,羊桃,紅藤梨,金桃,楊桃",59,0.8,15,0.3,2
D0500201,奇異果,"彌猴桃,猴桃,猴梨,藤梨,毛桃,羊桃,紅藤梨,金桃,楊桃",56,1.1,14,0.3,3
D0600101,紅毛丹,"韶子,毛龍眼,毛荔枝",73,1,17.9,0.7,8
D0700101,紅龍果(白肉),"火龍果,仙蜜果",51,0.9,12.4,0.4,0
D0700201,紅龍果(紅肉),"火龍果,仙蜜果",50,1.1,12.3,0.2,0
D08001,北蕉平均值,"香蕉,芎蕉,弓蕉,甘蕉",85,1.5,22.1,0.1,0
D0800101,北蕉(2月取樣),"香蕉,芎蕉,弓蕉,甘蕉",93,1.3,24.6,0,0
D0800102,北蕉(5月取樣),"香蕉,芎蕉,弓蕉,甘蕉",92,1.6,23.7,0.2,0
D0800103,北蕉(9月取樣),"香蕉,芎蕉,弓蕉,甘蕉",65,1.3,16.6,0,0
D0800104,北蕉(11月取樣),"香蕉,芎蕉,弓蕉,甘蕉",90,1.6,23.4,0.1,0
D0800201,"北蕉(0天,綠皮)","香蕉,芎蕉,弓蕉,甘蕉",90,1.3,23.3,0.3,0
D0800301,北蕉(1天),"香蕉,芎蕉,弓蕉,甘蕉",87,1.4,22.2,0.3,0
D0800401,北蕉(3天),"香蕉,芎蕉,弓蕉,甘蕉",84,1.4,21.3,0.3,0
D0800501,北蕉(7天),"香蕉,芎蕉,弓蕉,甘蕉",68,1.3,17.1,0.2,0
D0800601,李林蕉(2007年取樣),"香蕉,芎蕉,弓蕉,甘蕉(牛角蕉,佛手蕉,美人蕉,樹蕉)",102,1.4,26.3,0.3,0
D0800602,李林蕉(2012年取樣),"香蕉,芎蕉,弓蕉,甘蕉(牛角蕉,佛手蕉,美人蕉,樹蕉)",111,1.5,29.2,0.1,1
D0800701,南華蕉,"香蕉,芎蕉,弓蕉,甘蕉(芭蕉)",124,1.1,33.2,0.1,0
D0800801,紅皮蕉(2004年取樣),"香蕉,芎蕉,弓蕉,甘蕉,蘋果蕉",93,1.3,24,0.3,0
D0800802,紅皮蕉(2012年取樣),"香蕉,芎蕉,弓蕉,甘蕉,蘋果蕉",98,1.3,25.5,0.2,1
D0801101,蛋蕉(2023年取樣),"旦蕉, 一口蕉",87,1.1,23.3,0,3
D0900101,酪梨(綠皮),"牛油果(梨),黃油果(梨),油梨,?(鱷)梨,幸福果,樂天果",65,1.6,7.9,3.7,2
D0900201,酪梨(室溫存放0天),"牛油果(梨),黃油果(梨),油梨,?(鱷)梨,幸福果,樂天果",80,1.5,7.1,5.9,0
D0900301,酪梨(室溫存放3天),"牛油果(梨),黃油果(梨),油梨,?(鱷)梨,幸福果,樂天果",84,1.4,6.3,6.8,0
D0900401,酪梨(室溫存放6天),"牛油果(梨),黃油果(梨),油梨,?(鱷)梨,幸福果,樂天果",92,1.5,6.6,7.6,1
D1000101,榴槤,"榴蓮,流連,山韶子",132,2.7,29.7,1.9,2
D1100101,開英種1號鳳梨,"旺來,波羅,黃萊,黃梨,王萊(開英種1號,1號仔,突目仔)",56,0.6,14.5,0.2,0
D11002,鳳梨平均值(雜交種),"鳳梨,旺來,波羅,黃萊,黃梨,王萊",53,0.7,13.6,0.1,0
D1100201,甘蔗鳳梨,"旺來,波羅,黃萊,黃梨,王萊(台農13號,冬蜜鳳梨)",57,0.7,15.1,0.1,0
D1100202,甜蜜蜜鳳梨,"旺來,波羅,黃萊,黃梨,王萊(台農16號)",42,1,10.6,0.1,0
D1100203,金鑽鳳梨,"旺來,波羅,黃萊,黃梨,王萊(台農17號,春蜜鳳梨)",50,0.5,13.2,0.1,1
D1100204,牛奶鳳梨,"旺來,波羅,黃萊,黃梨,王萊(台農20號)",60,0.8,15.4,0.3,0
D1200101,釋迦,"番荔枝,釋迦果,佛頭果,番梨",104,2.2,26.6,0.1,7
D1200201,鳳梨釋迦,"旺來釋迦,奇美釋迦,蜜釋迦",102,1.5,26,0.4,2
D1300101,桑葚,"桑果,桑葚兒",32,1.1,7,0.4,1
D1330101,桑葚汁,"桑果,桑葚兒",25,0.8,5.9,0.2,0
D1400101,草莓,,39,1,9.3,0.2,7
D1500101,土芭樂,"番石榴,芭樂,拔仔,扒仔,朳仔,那拔仔,藍拔",39,0.7,10,0.1,5
D15002,芭樂平均值(白肉),"番石榴,芭樂,拔仔,扒仔,朳仔,那拔仔,藍拔",40,0.7,10.2,0.1,1
D1500201,番石榴(珍珠拔)(有機),"牛乳芭樂,牛奶芭樂,芭樂,拔仔,扒仔,朳仔,那拔仔,藍拔",40,0.6,10.4,0.1,0
D1500202,世紀芭樂,"番石榴,芭樂,拔仔,扒仔,朳仔,那拔仔,藍拔",40,0.7,10.3,0.1,0
D1500203,珍珠芭樂,"番石榴,芭樂,拔仔,扒仔,朳仔,那拔仔,藍拔",42,0.7,10.6,0.2,0
D1500204,泰國芭樂,"番石榴,芭樂,拔仔,扒仔,朳仔,那拔仔,藍拔",38,0.8,9.7,0.1,5
D1500205,無子芭樂,"番石榴,芭樂,拔仔,扒仔,朳仔,那拔仔,藍拔",33,0.7,8.6,0,0
D1500301,紅心芭樂,"番石榴,芭樂,拔仔,扒仔,朳仔,那拔仔,藍拔",42,0.8,10.7,0.1,1
D16001,楊桃平均值,"羊桃,洋桃,陽桃,五稜子,五斂子",32,0.5,8.2,0.1,0
D1600101,楊桃(2月取樣),"羊桃,洋桃,陽桃,五稜子,五斂子",29,0.4,7.6,0.1,0
D1600102,楊桃(4月取樣),"羊桃,洋桃,陽桃,五稜子,五斂子",32,0.7,8.1,0.1,0
D1600103,楊桃(5月取樣),"羊桃,洋桃,陽桃,五稜子,五斂子",34,0.6,8.7,0.1,0
D1600104,楊桃(9月取樣),"羊桃,洋桃,陽桃,五稜子,五斂子",33,0.5,8.8,0,0
D1600105,楊桃(11月取樣),"羊桃,洋桃,陽桃,五稜子,五斂子",31,0.4,8,0,0
D1700101,美國紅葡萄,"蒲桃,蒲萄,草龍珠,蒲陶,葡桃",69,0.4,17.7,0.4,8
D1700201,巨峰葡萄,"蒲桃,蒲萄,草龍珠,蒲陶,葡桃",64,0.5,16.6,0.3,1
D17003,綠葡萄平均值,"葡萄,蒲桃,蒲萄,草龍珠,蒲陶,葡桃",58,0.5,15.3,0.2,4
D1700301,美國綠葡萄,"蒲桃,蒲萄,草龍珠,蒲陶,葡桃(青葡萄,白葡萄)",64,0.5,16.8,0.2,7
D1700302,意大利葡萄,"蒲桃,蒲萄,草龍珠,蒲陶,葡桃",52,0.5,13.7,0.1,0
D1700401,美國紅葡萄(含皮),"蒲桃,蒲萄,草龍珠,蒲陶,葡桃",61,0.4,16.3,0.1,1
D1700501,美國紫葡萄(含皮),"蒲桃,蒲萄,草龍珠,蒲陶,葡桃",80,0.4,21.9,0,1
D1700601,美國黑葡萄(含皮),"蒲桃,蒲萄,草龍珠,蒲陶,葡桃",63,0.6,16.4,0.2,0
D1700701,美國綠葡萄(含皮),"蒲桃,蒲萄,草龍珠,蒲陶,葡桃(青葡萄,白葡萄)",87,0.6,22.7,0.4,1
D1700801,無子紅葡萄(含皮),"蒲桃,蒲萄,草龍珠,蒲陶,葡桃",72,0.5,19.2,0.1,3
D1700901,黑美人葡萄(含皮),"蒲桃,蒲萄,草龍珠,蒲陶,葡桃",66,0.5,17.4,0.1,0
D1701001,金香葡萄(含皮),"蒲桃,蒲萄,草龍珠,蒲陶,葡桃",60,0.6,16,0.1,0
D1710101,葡萄乾,,306,3.2,78.7,1.5,14
D18001,蓮霧平均值(粉紅色種),"璉霧,輦霧,洋蒲桃",39,0.4,10,0.3,2
D1800101,蓮霧(紅寶石),"璉霧,輦霧,洋蒲桃,水蓊",33,0.3,8.1,0.3,2
D1800102,蓮霧(黑金剛),"璉霧,輦霧,洋蒲桃,水蓊",34,0.5,8.8,0.1,1
D1800103,蓮霧(黑珍珠),"璉霧,輦霧,洋蒲桃,水蓊",51,0.3,13,0.4,3
D1900101,華寶大西瓜(花蓮),"水瓜,寒瓜,夏瓜",33,0.7,8.4,0.1,1
D19002,西瓜平均值(紅肉小瓜),"水瓜,寒瓜,夏瓜",33,0.8,8,0.1,1
D1900201,皇宮西瓜,"水瓜,寒瓜,夏瓜",32,0.7,8.1,0.1,1
D1900202,紅鈴西瓜,"水瓜,寒瓜,夏瓜",34,0.8,8.5,0.1,2
D1900203,黑美人西瓜,"水瓜,寒瓜,夏瓜",36,0.9,9.1,0.1,2
D1900204,鳳光西瓜,"水瓜,寒瓜,夏瓜",27,0.7,6.5,0.2,1
D1900301,無籽西瓜,"水瓜,寒瓜,夏瓜",33,0.9,8.2,0,1
D19004,西瓜平均值(黃肉小瓜),"水瓜,寒瓜,夏瓜",29,0.7,7.3,0,2
D1900401,小玉西瓜,"水瓜,寒瓜,夏瓜",34,0.8,8.7,0.1,2
D1900402,金蘭西瓜,"水瓜,寒瓜,夏瓜",24,0.6,6,0,1
D1900501,嘉寶瓜,"水瓜,寒瓜,夏瓜(嘉寶兵瓜)",40,0.8,10,0.2,9
D20001,甜瓜平均值(光皮洋香瓜),"甜瓜,甘瓜,果瓜,香瓜,梨仔瓜,澎湖瓜,洋香瓜",30,0.9,7.2,0.1,13
D2000101,太陽洋香瓜,"甜瓜,甘瓜,果瓜,香瓜,梨仔瓜,澎湖瓜,洋香瓜",32,1.2,7.8,0,3
D2000102,狀元瓜,"甜瓜,甘瓜,果瓜,香瓜,梨仔瓜,澎湖瓜,洋香瓜",27,0.7,6.6,0.1,18
D2000103,蜜世界洋香瓜,"甜瓜,甘瓜,果瓜,香瓜,梨仔瓜,澎湖瓜,洋香瓜",29,0.7,7.1,0.1,19
D20002,甜瓜平均值(東洋系脆瓜),"甜瓜,甘瓜,果瓜,香瓜,梨仔瓜,澎湖瓜",37,1,8.9,0.2,9
D2000201,美濃瓜,"甜瓜,甘瓜,果瓜,香瓜,梨仔瓜,澎湖瓜",37,1.1,8.8,0.2,8
D2000202,黃香瓜,"甜瓜,甘瓜,果瓜,香瓜,梨仔瓜,澎湖瓜",30,0.6,7.5,0.2,16
D2000203,嘉玉甜瓜,"甜瓜,甘瓜,果瓜,香瓜,梨仔瓜,澎湖瓜",43,1.3,10.4,0.1,4
D2000301,洋香瓜(新世紀),"網仔瓜,哈密瓜",39,0.7,10.1,0,9
D2000302,新疆哈密瓜,"網仔瓜,哈密瓜",28,0.7,6.9,0.1,29
D2000303,洋香瓜(卡蜜拉),"網仔瓜,哈密瓜",38,0.6,9.5,0.2,12
D20004,甜瓜平均值(網紋洋香瓜),"甜瓜,甘瓜,果瓜,香瓜,梨仔瓜,澎湖瓜,洋香瓜,網仔瓜,哈蜜瓜",37,0.9,9.3,0,13
D2000401,七股香洋香瓜,"甜瓜,甘瓜,果瓜,香瓜,梨仔瓜,澎湖瓜,洋香瓜,網仔瓜,哈蜜瓜",40,0.6,10.5,0.1,9
D2000402,天香洋香瓜,"甜瓜,甘瓜,果瓜,香瓜,梨仔瓜,澎湖瓜,洋香瓜,網仔瓜,哈蜜瓜",44,0.8,11.6,0,9
D2000403,秋香洋香瓜,"甜瓜,甘瓜,果瓜,香瓜,梨仔瓜,澎湖瓜,洋香瓜,網仔瓜,哈蜜瓜",34,1,8.4,0,16
D2000404,紅寶石洋香瓜,"甜瓜,甘瓜,果瓜,香瓜,梨仔瓜,澎湖瓜,洋香瓜,網仔瓜,哈蜜瓜",39,1.2,9.6,0,14
D2000405,香華洋香瓜,"甜瓜,甘瓜,果瓜,香瓜,梨仔瓜,澎湖瓜,洋香瓜,網仔瓜,哈蜜瓜",30,0.7,7.7,0,20
D2000406,藍寶石洋香瓜,"甜瓜,甘瓜,果瓜,香瓜,梨仔瓜,澎湖瓜,洋香瓜,網仔瓜,哈蜜瓜",34,1.1,8.2,0,12
D2100101,土芒果,"檬果,檨仔,菴羅果(柴檨,土檨仔)",54,0.6,13.8,0.3,2
D21002,芒果平均值(西洋種),"檬果,檨仔,菴羅果",50,0.6,13,0.2,5
D2100201,肯特芒果,"檬果,檨仔,菴羅果",49,0.5,12.7,0.2,17
D2100202,海頓芒果,"檬果,檨仔,菴羅果",60,0.4,15.7,0.2,4
D2100203,凱特芒果,"檬果,檨仔,菴羅果",50,1.1,12.5,0.2,1
D2100204,愛文芒果,"檬果,檨仔,菴羅果(蘋果芒果)",42,0.4,11,0.2,1
D2100205,聖心芒果,"檬果,檨仔,菴羅果",50,0.5,12.9,0.2,0
D2100301,黑香芒果,"檬果,檨仔,菴羅果",66,0.8,16.9,0.3,0
D21004,芒果平均值(新興種),"檬果,檨仔,菴羅果",56,0.6,14.4,0.2,1
D2100401,四季芒果,"檬果,檨仔,菴羅果(四季檨)",60,0.6,15.6,0.2,0
D2100402,玉文芒果,"檬果,檨仔,菴羅果",62,0.5,16.1,0.3,0
D2100403,金煌芒果,"檬果,檨仔,菴羅果",52,0.8,13,0.2,8
D2100404,金蜜芒果,"檬果,檨仔,菴羅果",64,0.6,16.3,0.4,1
D2100405,金興芒果,"檬果,檨仔,菴羅果",41,0.6,10.6,0.1,0
D2100406,香水芒果,"檬果,檨仔,菴羅果",65,0.6,17.1,0.2,0
D2100407,蓮花芒果,"檬果,檨仔,菴羅果",47,0.4,12.2,0.2,0
D2110101,芒果乾,,334,0.6,90,1,219
D22001,荔枝平均值,"丹荔,荔錦,麗枝,離枝",65,1,16.5,0.2,1
D2200101,玉荷苞荔枝,"丹荔,荔錦,麗枝,離枝",68,1.2,17.3,0.2,0
D2200102,黑葉仔荔枝,"丹荔,荔錦,麗枝,離枝",62,0.9,15.8,0.2,2
D2200201,冷凍荔枝,"丹荔,荔錦,麗枝,離枝",28,0.4,7.2,0.1,9
D2300101,龍眼,"桂圓,龍目,圓眼",72,1.1,18,0.4,3
D2310101,龍眼乾,"桂圓乾,龍目乾,圓眼乾",276,5.1,70.9,0.5,5
D2310201,帶殼龍眼乾,"桂圓乾,龍目乾,圓眼乾",278,4.6,72.9,0.1,0
D24001,李子平均值(青皮黃肉),李子,48,0.7,11.7,0.4,0
D2400101,加州青李,李子,47,0.6,12,0.2,0
D2400102,翡翠李,李子,48,0.7,11.4,0.5,0
D24002,李子平均值(紅皮紅肉),李子,39,0.6,9.6,0.3,0
D2400201,紅肉李(大),李子,41,0.5,10,0.3,0
D2400202,紅肉李(小),李子,38,0.7,9.2,0.3,0
D24003,李子平均值(紅皮黃肉),李子,48,0.7,11.9,0.3,1
D2400301,加州紅李(台灣),李子,45,0.3,10.6,0.6,0
D2400302,加州紅李(進口),李子,60,0.8,15.3,0.3,4
D2400303,加州蜜李(進口),李子,66,1.3,17.1,0.1,0
D2400304,香水李,李子,36,0.7,8.8,0.3,0
D2400305,桃接李(大),李子,38,0.6,9.2,0.3,1
D2400306,桃接李(小),李子,36,0.7,8.6,0.3,0
D2400307,蜜棗李(進口),李子,53,0.6,13.6,0.2,0
D2400401,黃肉李,李子,35,0.4,8.9,0.2,0
D2400501,黑李,李子,57,0.7,14.7,0.2,0
D2500101,枇杷,琶琵果,38,0.3,9.8,0.2,4
D2600101,筆柿,"柿子,?,香柿(長柿,珍寶柿,筆干柿)",69,0.6,18.3,0.1,2
D27002,甜柿平均值,"柿子,?,香柿",57,0.5,15.2,0.1,3
D2700201,富有甜柿(大雪山),"柿子,?,香柿",57,0.4,15.1,0.1,0
D2700202,甜柿(進口),"柿子,?,香柿",57,0.6,15.3,0.1,5
D2700203,國產甜柿,"柿子,?,香柿",47,0.4,12.7,0.1,0
D2700301,牛心柿,"柿子,?,香柿(水柿,浸柿,硬柿,脆柿)",62,0.5,16.5,0.2,3
D2700401,四周柿,"柿子,?,香柿(紅柿,軟柿)",66,0.5,17.6,0.1,0
D2700501,柿餅,,196,1.7,52.2,0.2,4
D28001,水蜜桃平均值,"毛桃,白桃",39,0.9,9.7,0.2,2
D2800101,水蜜桃,"毛桃,白桃",40,0.9,9.9,0.1,3
D2800102,甜蜜桃,"毛桃,白桃",39,0.9,9.6,0.2,0
D28002,脆桃平均值,"桃子,甜桃",44,0.9,11.1,0.1,2
D2800201,白油桃,"桃子,脆桃,甜桃",37,0.6,9.3,0.1,1
D2800202,玫瑰桃,"桃子,脆桃,甜桃",51,1.2,12.8,0.1,7
D2800203,福壽桃,"桃子,脆桃,甜桃",47,0.9,11.9,0.2,0
D2800204,鶯哥桃,"桃子,脆桃,甜桃",42,1,10.5,0.2,0
D2800301,蟠桃,餅桃,45,0.9,11.3,0.2,0
D2900101,青梅(胭脂梅),梅子,35,0.5,8.8,0.1,1
D30001,西洋梨平均值,"梨子,水梨,山褵,快果,果宗",53,0.3,14.1,0.2,0
D3000101,西洋梨(青皮),"梨子,水梨,山褵,快果,果宗",62,0.3,16.5,0.2,0
D3000102,西洋梨(紅皮),"梨子,水梨,山褵,快果,果宗",53,0.3,13.9,0.2,1
D3000103,西洋梨(黃皮),"梨子,水梨,山褵,快果,果宗",44,0.2,11.8,0.1,0
D3000201,幸水梨,"梨子,水梨,山褵,快果,果宗",34,0.4,9,0,0
D3000202,大雪梨,"梨子,水梨,山褵,快果,果宗",42,0.3,11.1,0.1,0
D3000203,新世紀梨,"梨子,水梨,山褵,快果,果宗",42,0.4,10.7,0.2,6
D3000204,新興梨,"梨子,水梨,山褵,快果,果宗",44,0.2,11.9,0.1,0
D3000205,橫山梨,"梨子,水梨,山褵,快果,果宗(三灣冬梨,粗梨)",47,0.4,12.4,0.1,5
D3000206,豐水梨,"梨子,水梨,山褵,快果,果宗",36,0.5,9.4,0.1,0
D3000301,將軍蜜梨,"梨子,水梨,山褵,快果,果宗(三星上將梨)",50,0.4,13.3,0.1,0
D3000302,梨山蜜梨,"梨子,水梨,山褵,快果,果宗",47,0.3,12.7,0,0
D31001,蜜棗平均值(大),"棗子,棗仔",43,1.1,10.7,0.1,2
D3100101,蜜棗(長形),"棗子,棗仔",43,1.2,10.4,0.2,4
D3100102,蜜棗(圓形),"棗子,棗仔(蜜絲棗)",44,0.9,11,0.1,1
D3100201,珍珠蜜棗,"棗子,棗仔",46,1.1,11.7,0,1
D3100301,國產紅棗,紅棗,87,0.9,23.1,0.1,1
D3100401,紅棗(乾),"大棗,棗仔",227,3.2,59.5,0.3,10
D3100402,黑棗(乾),"大棗,棗仔",230,2.7,60.9,0.2,3
D32001,蘋果平均值(青皮),"柰,林檎",50,0.3,13.1,0.2,2
D3200101,青龍蘋果,"柰,林檎,青蘋果",54,0.3,14,0.3,1
D3200102,翠玉青蘋果,"柰,林檎,青蘋果(翡翠,青玉,史蜜斯)",46,0.3,12.2,0.1,3
D3200201,翠玉青蘋果(帶皮),"柰,林檎,青蘋果(翡翠,青玉,史蜜斯)",54,0.4,14.1,0.2,5
D3200301,美國五爪蘋果,"柰,林檎,紅蘋果(元帥)",51,0.2,13.8,0.1,2
D32004,蘋果平均值(混色),"柰,林檎",51,0.2,13.9,0.1,1
D3200401,加拉蘋果,"柰,林檎",55,0.2,15,0.1,0
D3200402,津輕蜜蘋果,"柰,林檎",56,0.2,15.1,0.2,1
D3200403,秋香蘋果,"柰,林檎",45,0.3,12.3,0,0
D3200404,富士蘋果,"柰,林檎",49,0.2,13.1,0.1,3
D3200501,富士蘋果(帶皮),"柰,林檎",45,0.2,11.9,0.1,3
D3200601,金冠蘋果,"柰,林檎,黃蘋果(黃元帥)",49,0.4,13,0.1,0
D3300101,櫻桃,"中國櫻桃又稱鶯桃,荊桃",75,1.2,19.1,0.3,2
D3300201,白櫻桃,"中國櫻桃又稱鶯桃,荊桃",69,0.7,18.4,0.1,1
D3400101,椪柑,"橘子,蘆柑,壼柑,凸柑,乳柑,潮州柑",40,0.8,10,0.2,2
D3400201,紅柑,"美人(女)柑,明尼吉柚,葡萄蜜柑,迷你葡萄柚",42,0.8,10.6,0.1,1
D3400202,茂谷柑,柑,44,0.6,11.5,0.1,1
D3400203,海梨桶柑,"年柑,草山柑,焦柑,蜜桶,漳柑,草山桔(海梨)",44,0.9,11,0.2,6
D3400204,高牆桶柑,"年柑,草山柑,焦柑,蜜桶,漳柑,草山桔(桶柑)",45,0.8,11.8,0,1
D3400205,檸檬柑,"三寶柑,甜檸檬",48,1.1,12.2,0.1,1
D3400206,砂糖橘,"十月桔,沙糖桔,沙糖橘,砂糖桔",50,0.7,12.6,0.3,3
D3400301,長果金柑,"金棗,羅浮柑",56,1,14.1,0.2,5
D3400302,圓果金柑,"金桔,金橘,桔子",32,0.7,7.6,0.2,4
D3400303,圓果金柑汁(綠皮),"金桔,金橘,桔子",32,0.9,8,0.1,1
D3500101,文旦,"柚子,內紫,朱欒,香欒,座凡,拋,欒",34,0.7,8.8,0.1,0
D3500102,文旦(2023年取樣),"麻豆文旦,文旦柚",48,0.6,12.7,0,1
D3500201,白柚,"柚子,內紫,朱欒,香欒,座凡,拋,欒",37,0.6,9.6,0.1,7
D3500301,西施蜜柚,"柚子,內紫,朱欒,香欒,座凡,拋,欒(西施柚)",40,0.8,10.1,0.2,0
D36001,甜橙平均值(普遍系),"甜橙,柳橙,柳丁,印子柑,廣柑",46,0.8,11.3,0.2,3
D3600101,柳橙,"甜橙,柳橙,柳丁,印子柑,廣柑",44,0.8,11,0.1,5
D3600102,香吉士(進口),"甜橙,柳橙,柳丁,印子柑,廣柑",47,0.7,11.4,0.5,1
D3600103,澳洲甜橙(進口),"甜橙,柳橙,柳丁,印子柑,廣柑",46,0.9,11.6,0.1,3
D3700101,青皮葡萄柚,"西柚,朱欒",33,0.8,8.3,0.1,1
D3700201,紅寶石葡萄柚(古坑),"西柚,朱欒",37,0.7,8.9,0.3,0
D3700301,黃皮葡萄柚(進口),"西柚,朱欒",38,0.7,9.7,0.1,1
D3700401,黃皮葡萄柚,"西柚,朱欒",37,0.7,9.2,0.2,4
D3800101,檸檬,,33,0.7,7.4,0.5,4
D3800201,萊姆,無子檸檬,38,0.5,7.7,1,1
D38003,檸檬汁平均值,,31,0.5,7,0.4,1
D3800301,檸檬汁(黃皮),,30,0.5,7.2,0.3,1
D3800302,檸檬汁(綠皮),,31,0.4,6.9,0.6,1
D3830102,萊姆汁,無子檸檬,34,0.3,8.1,0.5,0
D3930101,紅甘蔗汁,甘蔗汁、高貴蔗汁、果蔗汁、干蔗汁、薯蔗汁、竹蔗汁,76,0.5,20.2,0.2,0
D3930102,"紅甘蔗汁(有機,2023年取樣)",甘蔗汁、高貴蔗汁、果蔗汁、干蔗汁、薯蔗汁、竹蔗汁,72,0.2,18.8,0.4,0
D4000101,人心果,"吳鳳柿,沙漠吉拉,查某囝仔,人蔘果",83,0.6,20.5,0.8,10
D41301,可可椰子汁平均值,"椰子汁,越王頭汁",17,0.1,4.4,0.1,10
D4130101,可可椰子汁(屏東),"椰子汁,越王頭汁",16,0.1,3.8,0.2,3
D4130102,可可椰子汁(進口),"椰子汁,越王頭汁",19,0.2,5,0,16
D4300101,蛋黃果,仙桃,106,1.4,27.3,0.3,3
D4400101,無花果,,67,1.2,16.5,0.4,9
D4410101,無花果乾,無花果,328,3.6,77.8,4.3,10
D4500101,黃金果,黃晶果,44,0.9,11,0.2,0
D4600101,菠蘿蜜,"天波羅,樹波羅",108,1,28.4,0.2,0
D4600201,榴槤蜜,"尖百達,尖蜜拉,小樹菠蘿,小波羅蜜",124,1.6,32.6,0.1,0
D4700101,牛奶果,星蘋果,62,0.8,15.8,0.3,3
D4800101,餘甘子,"油柑,油甘",43,0.3,10.8,0.3,2
D4900101,嘉寶果,樹葡萄,59,0.3,15.3,0.3,0
D5000101,藍莓(台灣),,53,0.5,13.6,0.3,0
E0100101,牛蒡,"吳帽,吳某,牛菜,蒡翁菜,鼠黏",84,2.5,19.1,0.4,15
E02001,胡蘿蔔平均值,"紅蘿蔔,紅菜頭,黃蘿蔔,丁香蘿蔔,人參,金筍",39,1.1,8.9,0.1,89
E0200101,胡蘿蔔,"紅蘿蔔,紅菜頭,黃蘿蔔,丁香蘿蔔,人參,金筍",37,1,8.5,0.2,67
E0200102,向陽二號胡蘿蔔,"紅蘿蔔,紅菜頭,黃蘿蔔,丁香蘿蔔,人參,金筍",44,0.6,10.6,0.1,92
E0200103,澳洲胡蘿蔔(細長型),"紅蘿蔔,紅菜頭,黃蘿蔔,丁香蘿蔔,人參,金筍",34,1.7,7.5,0.1,109
E0200201,黃胡蘿蔔,"紅蘿蔔,紅菜頭,黃蘿蔔,丁香蘿蔔,人參,金筍",42,1.1,9.4,0.3,65
E0200301,冷凍胡蘿蔔,"紅蘿蔔,紅菜頭,黃蘿蔔,丁香蘿蔔,人參,金筍",13,0.5,3,0.1,65
E0300101,根菾菜根,"甜菜根,火焰菜根",27,1.2,6,0.1,236
E0300102,根菾菜根(2023年取樣),"甜菜根,火焰菜根",37,1.2,8.6,0,141
E04001,白蘿蔔平均值,"蘿蔔,菜頭,萊菔,蘆萉,仙人骨,大菜,大根",18,0.5,3.9,0.1,46
E0400101,白蘿蔔,"蘿蔔,菜頭,萊菔,蘆萉,仙人骨,大菜,大根",16,0.7,3.3,0.1,27
E0400102,白蘿蔔(長形),"蘿蔔,菜頭,萊菔,蘆萉,仙人骨,大菜,大根",19,0.4,4.4,0.1,65
E0400201,櫻桃蘿蔔,"蘿蔔,菜頭,萊菔,小根蘿蔔,二十日蘿蔔,小粒菜頭",11,0.6,2.3,0,43
E0400301,青蘿蔔,"蘿蔔,菜頭,萊菔,綠蘿蔔,綠長蘿蔔,青菜頭,青大根",33,1.8,7,0.1,13
E0420101,蘿蔔乾,"菜脯乾,菜脯",58,2.2,10.8,1.2,3279
E0500101,百合鱗片,"百合,百合花鱗片,蒜腦藷",137,3.8,32.3,0.1,4
E0510101,乾百合鱗片,"乾百合,乾百合花鱗片,乾蒜腦藷",304,11.8,68.4,0.7,90
E0600101,芋莖,"芋拐,芋橫,芋葉梗",20,1.1,3.4,0.5,4
E0700101,金針菜嫩莖,"碧玉筍,金針筍,金針菜梗,軟化金針菜,金針嫩菜芽,萱草菜嫩芽",24,0.7,5.3,0.2,1
E0800101,草石蠶,"甘露兒,甘露菜,寶塔菜,地蠶,螺獅菜,土蛹(坊間誤稱為冬蟲夏草)",75,1.7,18,0,0
E0900101,球莖甘藍,"大頭菜,結頭菜,芥頭,菜菜鵠,菜叩,莖藍,蕪菁蕓苔",20,1.6,3.6,0.2,18
E1000101,孟宗竹筍,"毛竹,茅竹,茅茹竹,江南竹,貓竹,貓兒竹,楠竹,南竹,至竹,斑竹(冬筍)",40,4,7.3,0.2,12
E1100101,熟桂竹筍,"桂竹仔筍,石竹仔筍,簍竹,筀竹筍",21,2.1,3.5,0.2,68
E1200101,烏殼綠竹筍,"烏殼筍,烏殼綠,烏綠竹,烏腳綠竹筍,烏腳綠仔,四季竹,南洋竹,食用刺竹",21,1.8,3.8,0.2,17
E1300101,茭白筍,"茭白,茭筍,茭草,水筍,腳白筍,加白筍,菰,菰菜,菰筍,菰蔣",20,1.3,4,0.2,5
E1300201,玉米筍,"番麥筍,珍珠筍",33,1.8,7,0.2,0
E1400101,麻竹筍,"?竹,甜竹,巨竹,坭竹,大綠竹,瓦坭竹,巨麻竹,美濃麻竹,吊絲麻竹",22,1.4,4.4,0.1,1
E1400201,冷凍麻竹筍,"?竹,甜竹,巨竹,坭竹,大綠竹,瓦坭竹,巨麻竹,美濃麻竹,吊絲麻竹",17,0.9,3.8,0,22
E1500101,綠竹筍,"甜竹,甜竹筍,綠仔筍,綠仔?,綠竹?",25,1.7,4.7,0.2,0
E1500201,帶殼熟綠竹筍,"甜竹,甜竹筍,綠仔筍,綠仔?,綠竹?",25,2,4.9,0.1,1
E1500301,沙拉筍塊,涼筍,24,1.6,4.8,0.1,8
E1600101,熟箭竹筍,"箭筍,台灣箭竹,矢竹仔,玉山箭竹",20,2.1,2.9,0.3,343
E1700101,白蘆筍,"野天門冬,松葉土當歸,石刁柏,龍鬚菜",25,1.8,4.9,0.2,4
E17002,綠蘆筍平均值,"野天門冬,松葉土當歸,石刁柏,龍鬚菜",22,2.7,3.5,0.2,4
E1700201,綠蘆筍,"野天門冬,松葉土當歸,石刁柏,龍鬚菜",22,1.3,4.5,0.2,6
E1700202,澳洲綠蘆筍(粗短型),"野天門冬,松葉土當歸,石刁柏,龍鬚菜",20,2.5,3.1,0.2,3
E1700203,綠蘆筍(細短型),"野天門冬,松葉土當歸,石刁柏,龍鬚菜",23,3.3,3.2,0.2,3
E1700204,綠蘆筍(短型),"野天門冬,松葉土當歸,石刁柏,龍鬚菜",22,3.5,3,0.1,5
E1700301,蘆筍花,,21,2.9,2.7,0.3,2
E1800101,嫩莖萵苣,"鵝菜心,莖用萵苣,萵(鵝)仔菜心,大心萵(媚)仔菜,萵苣筍(莖),妹仔菜筍,",16,1,3.1,0.2,22
E1900101,嫩薑,"薑仔,生薑,生姜,羌,蘘荷,茗荷,甘露子,紫薑",21,0,4.8,0.3,12
E1900102,粉薑,"薑仔,生薑,生姜,羌,蘘荷,茗荷,甘露子,紫薑",28,1,6.1,0.3,7
E1900103,老薑,"薑仔,生薑,生姜,羌,蘘荷,茗荷,甘露子,紫薑",53,1.1,11.7,0.5,4
E2000101,檳榔嫩莖,"半天筍,檳榔樹心",31,2.2,5.6,0.4,10
E2100101,大蒜,"蒜頭,大蒜頭,蒜球,蒜瓣,蒜仔頭",122,6.7,26.4,0.2,4
E2100201,青蒜,"蒜仔,葫,胡蒜,洋蒜,韭蔥",33,2.1,6.4,0.3,3
E2100301,蒜苗,蒜黃,54,2.2,12,0.1,9
E23001,青蔥平均值,,31,1.3,6.6,0.2,1
E2300101,青蔥(有機),"蔥,葉蔥,蔥仔",31,1.1,6.8,0.2,1
E2300102,山東大蔥,"蔥,大蔥,葉蔥,蔥仔,水蔥,漢蔥",31,1.3,6.7,0.1,1
E2300103,日本甜蔥,"蔥,大蔥,葉蔥,蔥仔,水蔥,漢蔥",33,1,7.6,0.1,1
E2300104,宜蘭粉蔥,"蔥,葉蔥,蔥仔,水蔥,漢蔥",27,1.6,5.4,0.2,1
E2400101,白洋蔥,"玉蔥,蔥頭,球蔥,胡蔥,日本蔥頭,大粒蔥頭,洋蔥頭,大蔥頭",42,1,10,0.1,3
E2400201,紫洋蔥,"玉蔥,蔥頭,球蔥,胡蔥,日本蔥頭,大粒蔥頭,洋蔥頭,大蔥頭",32,0.9,7.3,0.1,4
E2400301,黃洋蔥,"玉蔥,蔥頭,球蔥,胡蔥,日本蔥頭,大粒蔥頭,洋蔥頭,大蔥頭",42,1,9.5,0.2,2
E2500101,紅蔥頭,"油蔥頭,珠蔥頭,分蔥頭,大頭蔥頭,四季蔥頭",75,3.4,16.4,0.3,16
E2600101,?菜花,"花?菜,?花,韭菜苔(?/韭通用)",28,1.8,5.6,0.2,3
E2600201,?菜,"?,塊莖蒜,起陽草(?/韭通用)",23,1.9,3.9,0.4,2
E2600301,?黃,"?黃,黃?菜,白?菜,軟化?菜(?/韭通用)",16,1.5,2.9,0.1,3
E2700101,九層塔,"千層塔,羅勒,家佩蘭,零陵菜,香菜(草),薰草,西王母菜,塞香菜,光明子,醒頭香",27,2.9,4.4,0.3,2
E2800101,小麥苗,,34,3.3,5.5,0.5,3
E2900101,水菜(日本種),,11,1.2,1.6,0.2,2
E30001,甘藍平均值,"高麗菜,包菜,洋白菜,玻璃菜,玉菜,捲心菜,球葉甘藍,結球甘藍,蕃芥藍",23,1.3,4.8,0.1,11
E3000101,梨山甘藍(尖球形),"高麗菜,包菜,洋白菜,玻璃菜,玉菜,捲心菜,球葉甘藍,結球甘藍,蕃芥藍",24,1.4,5.1,0.1,8
E3000102,甘藍(扁圓形),"高麗菜,包菜,洋白菜,玻璃菜,玉菜,捲心菜,球葉甘藍,結球甘藍,蕃芥藍",21,1.1,4.3,0.2,12
E3000103,甘藍(圓球形),"高麗菜,包菜,洋白菜,玻璃菜,玉菜,捲心菜,球葉甘藍,結球甘藍,蕃芥藍",24,1.4,4.9,0.2,11
E3000104,甘藍(圓球形)(2021年取樣),高麗菜,20,0.8,4.6,0,3
E3000201,紫色甘藍,"紫甘藍,紫色高麗菜,紅色高麗菜,紅玻璃菜,紅玉菜",28,1.5,5.9,0.2,13
E3000301,甘藍芽,高麗菜芽,33,2.7,5.4,0.6,12
E3000401,冷凍甘藍,"高麗菜,包菜,洋白菜,玻璃菜,玉菜,捲心菜,球葉甘藍,結球甘藍,蕃芥藍",20,1.3,4.2,0.1,21
E3000501,羽衣甘藍(有機),,35,3,5.1,0.9,60
E3010101,脫水甘藍,,341,6.9,82.6,0.1,1351
E3100101,甘藷葉,"地瓜葉,番藷葉,過溝菜(藷同薯)",28,3.2,4.4,0.3,39
E3200102,蚵仔白菜(2022年取樣),"白菜,青菜,散葉白菜,無心菜,菘,不結球白菜,尼龍白菜,皺(碎/曲)葉白菜,皺葉中蕓苔",13,1.4,1.8,0.3,40
E3200201,荷葉白菜,"白菜,青菜,散葉白菜,無心菜,菘,不結球白菜",14,1.4,2.5,0.1,91
E3200301,葵扇白菜,"白菜,青菜,散葉白菜,無心菜,菘,不結球白菜,江戶(門)白菜,黑葉白菜,扇子白菜,黑芥菜,排菜",14,1.6,2.4,0.1,47
E3200401,黑葉白菜(短梗),"白菜,青菜,散葉白菜,無心菜,菘,不結球白菜",15,1.3,2.9,0,57
E3200501,千寶菜,,20,1.7,3.6,0.2,46
E3200601,小白菜(土植)(1月取樣),"土白菜,青菜,白菜,不結球白菜,水白菜",10,1.2,1.5,0.2,110
E3200602,小白菜(土植)(3月取樣),"土白菜,青菜,白菜,不結球白菜,水白菜",14,1.2,2.4,0.1,51
E3200603,小白菜(土植)(4月取樣),"土白菜,青菜,白菜,不結球白菜,水白菜",13,1.1,2.2,0.2,125
E3200604,小白菜(土植)(7月取樣),"土白菜,青菜,白菜,不結球白菜,水白菜",10,1,1.8,0.1,119
E3200605,小白菜(土植)(10月取樣),"土白菜,青菜,白菜,不結球白菜,水白菜",11,1.1,1.7,0.2,71
E3200701,小白菜(水耕)(1月取樣),"土白菜,青菜,白菜,不結球白菜,水白菜",13,1.5,2.1,0.1,9
E3200702,小白菜(水耕)(4月取樣),"土白菜,青菜,白菜,不結球白菜,水白菜",13,1,2.4,0.2,11
E3200703,小白菜(水耕)(7月取樣),"土白菜,青菜,白菜,不結球白菜,水白菜",12,0.9,2.4,0.1,9
E3200704,小白菜(水耕)(10月取樣),"土白菜,青菜,白菜,不結球白菜,水白菜",12,1.1,1.8,0.3,6
E3200801,小白菜(有機)(1月取樣),"土白菜,青菜,白菜,不結球白菜,水白菜",9,1.8,0.8,0.2,79
E3200802,小白菜(有機)(4月取樣),"土白菜,青菜,白菜,不結球白菜,水白菜",14,1.3,2.4,0.2,40
E3200803,小白菜(有機)(7月取樣),"土白菜,青菜,白菜,不結球白菜,水白菜",11,1.3,1.7,0.1,33
E3200804,小白菜(有機)(10月取樣),"土白菜,青菜,白菜,不結球白菜,水白菜",13,1.3,1.9,0.2,23
E3200901,珍珠小白菜,珍珠白菜,11,1.5,1.7,0.1,4
E3201001,油菜心,,31,3.2,4,0.9,21
E3201101,油菜(有機),蕓苔,13,1.3,2.2,0.1,24
E3201201,青江菜(土植)(1月取樣),"江門白菜, 湯匙菜,青梗白菜",10,1.3,1.6,0,73
E3201202,青江菜(土植)(3月取樣),"江門白菜 ,湯匙菜,青梗白菜",13,1.2,2.2,0.1,53
E3201203,青江菜(土植)(4月取樣),"江門白菜, 湯匙菜,青梗白菜",11,1,1.8,0.1,110
E3201204,青江菜(土植)(7月取樣),"江門白菜,湯匙菜,青梗白菜",15,1.5,2.5,0.1,92
E3201205,青江菜(土植)(10月取樣),"江門白菜, 湯匙菜,青梗白菜",18,1.7,3.4,0.1,28
E3201301,青江菜(水耕)(1月取樣),"江門白菜 ,湯匙菜,青梗白菜",12,1.2,2.4,0,6
E3201302,青江菜(水耕)(4月取樣),"江門白菜 , 湯匙菜,青梗白菜",14,1.4,2.4,0.2,12
E3201303,青江菜(水耕)(7月取樣),"江門白菜 ,湯匙菜,青梗白菜",14,1.7,2.2,0.1,13
E3201304,青江菜(水耕)(10月取樣),"江門白菜 ,湯匙菜,青梗白菜",11,1.4,1.4,0.2,14
E3201401,青江菜(有機)(1月取樣),"江門白菜,湯匙菜,青梗白菜",10,1.5,1.5,0,38
E3201402,青江菜(有機)(4月取樣),"江門白菜 ,湯匙菜,青梗白菜",15,1.4,2.5,0.2,40
E3201403,青江菜(有機)(7月取樣),"江門白菜 ,湯匙菜,青梗白菜",21,1.9,3.5,0.2,22
E3201404,青江菜(有機)(10月取樣),"江門白菜 , 湯匙菜,青梗白菜",15,1.6,2.7,0.1,23
E3201501,塔菇菜(有機),塌棵菜；塔菜；瓢兒芥,14,1.9,2.3,0,59
E3201601,廣島野菜,廣島菜,16,1.7,2.9,0,19
E3201701,日本油菜(有機),"鶯菜,小松菜",20,1.5,3.3,0.4,55
E33001,結球白菜平均值,"大白菜,黃芽菜,包心白菜,卷心白菜,山東白菜,結球白菜",17,1.2,2.9,0.3,24
E3300101,煙台白菜,"大白菜,黃芽菜,包心白菜,卷心白菜,山東白菜,結球白菜(包頭蓮)",14,1.3,2.2,0.3,30
E3300102,迷你竹筍白菜,"大白菜,黃芽菜,包心白菜,卷心白菜,山東白菜,結球白菜",19,1.3,3.8,0.1,4
E3300103,翠玉白菜,"天津白菜,直筒白菜,長筒白菜,竹筒白菜",19,1,2.8,0.7,48
E3300104,包心白菜,"大白菜,黃芽菜,包心白菜,卷心白菜,山東白菜,結球白菜",14,1.2,2.6,0.1,14
E3300201,白菜芽,娃娃菜,21,3.1,3.2,0.1,22
E3400101,白鳳菜,白蓊菜,27,2,4.8,0.4,28
E3400201,紅鳳菜,"紅蓊菜,紅菜,紅葉,紫背天葵,雙色三七草,天青地紅,地黃菜,腳目草",22,2.1,3.5,0.4,13
E3500101,豆瓣菜,"西洋菜,水芥(田/應/蕹)菜,無心芥(菜),廣東芥菜,微子蔊菜,風花菜,水生山葵菜,麥藍菜,角菜",21,2.2,3.2,0.3,45
E3600101,明日葉,"鹹草,明日草,長壽草,八丈草,還陽草,珍立草,海峰人參,天賜草",57,1.4,11.9,0.8,4
E3700101,山芹菜,"鴨兒芹,三葉芹,三葉山芹菜",28,2.1,5.2,0.3,2
E37002,芹菜平均值,"旱芹,藥芹,洋芹,白芹,塘蒿,和蘭鴨兒芹",15,0.8,3.1,0.1,65
E3700201,芹菜(青梗),"旱芹,藥芹,洋芹,白芹,塘蒿,和蘭鴨兒芹",12,0.8,2.4,0.1,46
E3700202,芹菜,"旱芹,藥芹,洋芹,白芹,塘蒿,和蘭鴨兒芹",18,0.8,3.8,0.2,85
E3700301,西洋芹菜,"美國芹菜,洋芹菜,金白芹菜,巨無霸芹菜",11,0.4,2.2,0.2,87
E3800101,大心芥菜,"大心菜,菜心,大骨芥菜,大莖菜",13,1,2.5,0,12
E3800201,大芥菜,"芥菜,大心芥菜,大葉芥菜,長年菜,孤腰菜",19,0.8,3.4,0.5,35
E3800301,包心芥菜,"包心刈菜,捲心芥菜",17,1,2.7,0.5,15
E38004,芥菜平均值,"刈菜,大菜,芥葉菜,雞冠菜,孤腰菜",19,1.5,3.5,0.2,9
E3800401,芥菜,"刈菜,大菜,芥葉菜,雞冠菜,孤腰菜",18,1.6,3.2,0.1,3
E3800402,雪裡蕻,"雪裡(裏)紅,雪菜,多葉藺蕓苔,千筋葉菜,春不老",20,1.5,3.8,0.2,14
E3800501,抱子芥菜,娃娃菜,21,2.1,3.8,0.1,4
E3900101,芥藍菜,"芥蘭菜,格藍菜,綠葉甘藍,佛光菜,隔暝仔菜",20,1.7,3.2,0.3,27
E3900201,芥藍芽,"菜嬰,格藍菜嬰",26,2.2,4.5,0.3,7
E4000101,芫荽,"香菜,香荽,胡荽,蒝荽,芫蓑,松鬚菜",26,2.3,4.5,0.3,17
E4100101,紅梗珍珠菜,"角菜,香芹(甜)菜,山芹菜,甜菜,乳白艾,香甜菜,納艾香",37,2.6,5.6,1,12
E4200101,食茱萸,"刺?,紅刺?,刺江某,越椒,艾子,茱萸,刺公牡",127,11.9,23.8,0.3,5
E4300101,香樁,"椿,紅椿(樹),椿樹,杶,春芽(陽)樹,椿樗,?,虎目樹,大眼桐,栲,大紅椿樹",99,4.3,19.4,1.5,17
E4400101,茴香,"蘹香,小茴香,茴香子,臭蒝荽,客人蒝荽,香絲菜,茴香八角珠,蒝荽",24,2.2,4.1,0.2,50
E4500101,馬齒莧,"豬母乳(菜/草),寶釧菜,長命菜,荷蘭菜,馬尺莧,瓜子菜,五行(才)草,馬子菜,地馬菜,醬瓣頭草",14,1.2,1.9,0.4,94
E4600101,茼蒿,"茼蒿菜,春菊,打某(妻)菜,苳蒿菜,花冠菊,艾菜,蓬蒿,菊蒿菜,菊花菜,實盡菜",16,1.7,2.2,0.3,69
E4600201,日本茼蒿(有機),"春菊,山茼蒿,小葉茼蒿",26,1.9,4.8,0.2,179
E4600301,昭和草,"山茼蒿,野茼蒿,太子原,飛機草,神仙草",26,2.2,3.8,0.7,9
E4700101,隼人瓜苗,"隼人瓜鬚,佛手瓜苗(鬚),香櫞瓜苗(鬚),梨瓜苗(鬚),番瓜鬚(龍鬚菜是誤用)",24,3.3,3.5,0.2,3
E4800101,白莧菜,"杏菜,荇菜,莕菜,茵菜,白杏菜,白荇菜",17,1.9,2.6,0.3,20
E4800201,紅莧菜,"紅莧,虎菜,紅虎莧,赤莧,紅杏(荇)菜,赤杏菜,紫杏(莧)菜",22,2.6,3.3,0.3,12
E4800301,野莧菜,"野莧(杏),綠莧,豬莧,鳥仔莧(杏),假莧(杏)菜,山荇(杏,莧)菜,",41,6.3,4.9,0.6,20
E4900101,紫蘇,"蘇草,紅(赤/綠/青)紫蘇,桂荏",71,5.5,11.9,1.2,1
E5000101,菠菜,"菠菱菜,赤根菜,飛龍菜,角菜,波斯草,波斯菜,波菱菜",18,2.2,2.4,0.3,43
E5000201,菠菜(葉)(有機),"菠菱菜,赤根菜,飛龍菜,角菜,波斯草,波斯菜,波菱菜",26,3.3,3.6,0.4,106
E5000301,冷凍菠菜,"菠菱菜,赤根菜,飛龍菜,角菜,波斯草,波斯菜,波菱菜",17,2.1,2.9,0,46
E5100101,菾菜,"葉用甜菜,莙薘菜,牛皮菜,豬?菜",21,2,3.7,0.1,108
E5100201,黃金菾菜,"黃金火焰菜,君達菜,甜菜",18,2.4,2.6,0.2,77
E5200101,落葵,"皇宮菜,蟳菜,胭(臙)脂菜,紅落葵,潺菜,蔠菜,藤葵,藤菜,天葵,御菜,牛皮凍",33,2.7,6,0.3,49
E5200201,藤三七,"洋落葵,蔓安迪,落葵安迪,藤子三七,雲南白藥,小年藥,馬德拉藤,金錢珠,中枝蓮(習以川七誤稱)",21,1.6,3.2,0.5,25
E53001,不結球萵苣平均值,"葉萵苣,葉萵,萵仔菜,刈葉萵苣,生菜,妹(媚)仔菜,鵝仔菜(草),春不老,印度萵苣",16,1.1,2.8,0.3,8
E5300101,奶油萵苣(日本種),"葉萵苣,葉萵,萵仔菜,刈葉萵苣,生菜,妹(媚)仔菜,鵝仔菜(草),春不老,印度萵苣",16,1.1,2.6,0.3,1
E5300102,紅葉萵苣(荷蘭種）,"彩葉萵苣,彩色媚仔菜,紅色萵苣菜,紅萵仔菜",16,1.4,2.5,0.3,1
E5300103,廣東萵苣,"皺葉萵苣,縮葉萵苣,皺萵仔菜,皺妹菜",20,1,4,0.2,11
E5300104,蘿美萵苣,"葉萵苣,葉萵,萵仔菜,刈葉萵苣,生菜,妹(媚)仔菜,鵝仔菜(草),春不老,印度萵苣(大陸妹)",13,1,2.3,0.2,20
E5300201,本島萵苣(土植)(1月取樣),"葉萵苣,葉萵,萵仔菜,刈葉萵苣,生菜,妹(媚)仔菜,鵝仔菜(草),春不老,印度萵苣",17,1.6,2.5,0.4,65
E5300202,本島萵苣(土植)(3月取樣),"葉萵苣,葉萵,萵仔菜,刈葉萵苣,生菜,妹(媚)仔菜,鵝仔菜(草),春不老,印度萵苣",18,0.3,3.8,0.3,9
E5300203,本島萵苣(土植)(4月取樣),"葉萵苣,葉萵,萵仔菜,刈葉萵苣,生菜,妹(媚)仔菜,鵝仔菜(草),春不老,印度萵苣",17,0.9,3.3,0.2,46
E5300204,本島萵苣(土植)(7月取樣),"葉萵苣,葉萵,萵仔菜,刈葉萵苣,生菜,妹(媚)仔菜,鵝仔菜(草),春不老,印度萵苣",23,1.4,4.4,0.3,90
E5300205,本島萵苣(土植)(10月取樣),"葉萵苣,葉萵,萵仔菜,刈葉萵苣,生菜,妹(媚)仔菜,鵝仔菜(草),春不老,印度萵苣",14,1.1,2.2,0.3,7
E5300301,本島萵苣(水耕)(1月取樣),"葉萵苣,葉萵,萵仔菜,刈葉萵苣,生菜,妹(媚)仔菜,鵝仔菜(草),春不老,印度萵苣",14,1.6,2.1,0.2,3
E5300302,本島萵苣(水耕)(4月取樣),"葉萵苣,葉萵,萵仔菜,刈葉萵苣,生菜,妹(媚)仔菜,鵝仔菜(草),春不老,印度萵苣",15,1,2.7,0.2,2
E5300303,本島萵苣(水耕)(7月取樣),"葉萵苣,葉萵,萵仔菜,刈葉萵苣,生菜,妹(媚)仔菜,鵝仔菜(草),春不老,印度萵苣",13,1.4,1.9,0.2,3
E5300304,本島萵苣(水耕)(10月取樣),"葉萵苣,葉萵,萵仔菜,刈葉萵苣,生菜,妹(媚)仔菜,鵝仔菜(草),春不老,印度萵苣",12,1.1,1.6,0.3,3
E5300401,本島萵苣(有機)(1月取樣),"葉萵苣,葉萵,萵仔菜,刈葉萵苣,生菜,妹(媚)仔菜,鵝仔菜(草),春不老,印度萵苣",15,1.8,2.6,0,47
E5300402,本島萵苣(有機)(4月取樣),"葉萵苣,葉萵,萵仔菜,刈葉萵苣,生菜,妹(媚)仔菜,鵝仔菜(草),春不老,印度萵苣",19,1.1,3.5,0.3,13
E5300403,本島萵苣(有機)(7月取樣),"葉萵苣,葉萵,萵仔菜,刈葉萵苣,生菜,妹(媚)仔菜,鵝仔菜(草),春不老,印度萵苣",17,1.5,2.7,0.3,17
E5300404,本島萵苣(有機)(10月取樣),"葉萵苣,葉萵,萵仔菜,刈葉萵苣,生菜,妹(媚)仔菜,鵝仔菜(草),春不老,印度萵苣",15,1.3,2.3,0.3,9
E5300501,水耕波士頓萵苣,,14,1.3,1.2,0.7,2
E5300601,結球萵苣,"球萵苣,包心萵苣,捲心萵苣,生菜,包心媚仔菜,結球妹仔菜",13,0.7,2.8,0.1,7
E5400101,豌豆苗,"豆苗,豆鬚,荷蘭豆苗(鬚),飛龍豆苗",31,3.7,4.4,0.5,4
E5500101,龍葵,"黑甜菜,烏甜(田)菜,烏甜仔,烏子(克)菜,烏子茄,苦葵(菜),天茄子,天泡草,老鴉酸漿草",26,3.8,3.4,0.3,32
E5600101,蕹菜(土植)(1月取樣),"空心菜,應菜,壅菜,甕菜,草菜,無心菜,藤藤菜,竹葉菜,葛菜",22,2,3.5,0.3,166
E5600102,蕹菜(土植)(4月取樣),"空心菜,應菜,壅菜,甕菜,草菜,無心菜,藤藤菜,竹葉菜,葛菜",20,1.7,3.5,0.2,113
E5600103,蕹菜(土植)(7月取樣),"空心菜,應菜,壅菜,甕菜,草菜,無心菜,藤藤菜,竹葉菜,葛菜",17,1.9,2.8,0.1,97
E5600104,蕹菜(土植)(10月取樣),"空心菜,應菜,壅菜,甕菜,草菜,無心菜,藤藤菜,竹葉菜,葛菜",17,1.8,2.6,0.3,122
E5600201,蕹菜(水耕)(1月取樣),"空心菜,應菜,壅菜,甕菜,草菜,無心菜,藤藤菜,竹葉菜,葛菜",27,2.7,4.5,0.3,15
E5600202,蕹菜(水耕)(4月取樣),"空心菜,應菜,壅菜,甕菜,草菜,無心菜,藤藤菜,竹葉菜,葛菜",24,2.2,4.3,0.1,13
E5600203,蕹菜(水耕)(7月取樣),"空心菜,應菜,壅菜,甕菜,草菜,無心菜,藤藤菜,竹葉菜,葛菜",17,1.9,2.7,0.2,8
E5600204,蕹菜(水耕)(10月取樣),"空心菜,應菜,壅菜,甕菜,草菜,無心菜,藤藤菜,竹葉菜,葛菜",23,2.2,3.8,0.3,29
E5600301,蕹菜(有機)(4月取樣),"空心菜,應菜,壅菜,甕菜,草菜,無心菜,藤藤菜,竹葉菜,葛菜",26,1.9,4.7,0.3,62
E5600302,蕹菜(有機)(10月取樣),"空心菜,應菜,壅菜,甕菜,草菜,無心菜,藤藤菜,竹葉菜,葛菜",19,1.7,3,0.4,33
E5600401,水蕹菜,,24,2.6,3.3,0.5,41
E5700101,蘿蔔葉,葉蘿蔔,14,1.7,2,0.2,214
E5800101,花椰菜,"花菜,菜花,白花菜,白菜花",23,1.8,4.5,0.1,14
E5800201,冷凍花椰菜,"花菜,菜花,白花菜,白菜花",21,1.3,4.5,0.1,33
E5800301,紫色花椰菜,,40,3.1,7.6,0.3,20
E5800401,青花菜(1999年取樣),"(青花菜非綠色花椰菜)青(綠)花菜,美國花菜,青花苔,花(青)菜苔,菜苔,花菜苞",28,3.7,4.4,0.2,15
E5800402,青花菜(2021年取樣),"(青花菜非綠色花椰菜)青(綠)花菜,美國花菜,青花苔,花(青)菜苔,菜苔,花菜苞",38,3.4,6.5,0.4,13
E5800501,冷凍青花菜,"(青花菜非綠色花椰菜)青(綠)花菜,美國花菜,青花苔,花(青)菜苔,菜苔,花菜苞",25,2.5,4.4,0.2,11
E5800601,青花菜筍,,32,3,5.1,0.5,6
E5810101,花椰菜乾,,291,16,62.5,0.6,177
E5900101,金針菜,"萱草,金針花,金針,黃花(菜),萱花",40,2.4,7.4,0.5,2
E5910101,金針菜乾,"萱草,金針花,金針,黃花(菜),萱花",307,14.3,65.4,1.8,1485
E6010101,洛神花乾,"玫瑰茄,洛神葵,洛神果,洛濟葵",306,9,71.2,0.6,17
E6100101,絲瓜花,菜瓜花,31,3.9,4.8,0.3,6
E62001,冬瓜平均值,"白瓜,東瓜,枕瓜,水芝,地芝",11,0.4,2.4,0.1,2
E6200101,冬瓜,"白瓜,東瓜,枕瓜,水芝,地芝",13,0.4,2.7,0.1,3
E6200102,香芋冬瓜,"白瓜,東瓜,枕瓜,水芝,地芝",9,0.4,2,0,1
E6200103,冬瓜(2022年取樣),"白瓜,東瓜,枕瓜,水芝,地芝",21,0.4,5.1,0,0
E63001,南瓜平均值,"金瓜,飯瓜,番(翻)瓜,倭(窩)瓜,紅(冬/西洋)南瓜,南瓜,北瓜,玉瓜,筍瓜",74,1.9,17.3,0.2,1
E6300101,日本南瓜,"金瓜,飯瓜,番(翻)瓜,倭(窩)瓜,紅(冬/西洋)南瓜,南瓜,北瓜,玉瓜,筍瓜",86,0.6,20.8,0.4,3
E6300102,台灣南瓜,"金瓜,飯瓜,番(翻)瓜,倭(窩)瓜,紅(冬/西洋)南瓜,南瓜,北瓜,玉瓜,筍瓜",49,1.7,11.1,0.2,1
E6300103,栗子南瓜,"金瓜,飯瓜,番(翻)瓜,倭(窩)瓜,紅(冬/西洋)南瓜,南瓜,北瓜,玉瓜,筍瓜",86,1.4,20.7,0.2,1
E6300104,菊花南瓜,"金瓜,飯瓜,番(翻)瓜,倭(窩)瓜,紅(冬/西洋)南瓜,南瓜,北瓜,玉瓜,筍瓜",76,3.8,16.8,0.1,1
E6400101,胡瓜,"大黃瓜,刺瓜,黃瓜,生瓜,王瓜,花瓜,黑瓜,大瓜",14,0.7,2.9,0.1,3
E6400201,花胡瓜(有機),"小黃瓜,花瓜,小胡瓜,小刺瓜",15,0.8,3.1,0.1,1
E6500101,苦瓜(白皮),"錦荔枝,癩蒲萄,涼瓜,癩瓜,紅姑娘",19,0.9,4.1,0.1,3
E6500201,苦瓜(青皮),"錦荔枝,癩蒲萄,涼瓜,癩瓜,紅姑娘",20,0.9,4.2,0.1,1
E6500301,珍珠苦瓜,"錦荔枝,癩蒲萄,涼瓜,癩瓜,紅姑娘(青苦瓜)",19,0.7,4.2,0.1,0
E6500401,野苦瓜,"山苦瓜,青小苦瓜,小苦瓜,野生苦瓜,短苦瓜,野癩瓜",30,1.7,5.3,0.6,6
E6600101,隼人瓜,"梨瓜,壽瓜,合掌瓜,安南瓜,香瓜仔,拳頭瓜,佛掌瓜、香圓瓜,香櫞瓜,佛手瓜,瓦瓜",23,0.7,5.2,0.1,6
E6600102,隼人瓜(2023年取樣),"梨瓜,壽瓜,合掌瓜,安南瓜,香瓜仔,拳頭瓜,佛掌瓜、香圓瓜,香櫞瓜,佛手瓜,瓦瓜",22,0.7,4.5,0.2,0
E6700101,白皮蛇瓜,"蛇王瓜,毛烏瓜",19,1.4,3.2,0.3,22
E6700201,綠皮蛇瓜,"蛇王瓜,毛烏瓜",32,1.9,5.6,0.6,10
E6800101,絲瓜,"菜瓜,布瓜,蠻瓜,天絲瓜,水瓜,天羅,天絡,仙人拐,魚?",19,1.1,3.9,0.1,0
E6800201,稜角絲瓜,"澎湖絲瓜,十角絲瓜,十捻菜瓜,角瓜,廣東絲瓜,雨傘絲瓜,金門絲瓜,香港絲瓜",20,0.9,4.1,0.2,5
E6900101,越瓜,"醃瓜,菴瓜,梢瓜,酥瓜,甜瓜,羊角瓜,稍瓜,生瓜,白瓜,青瓜,百香胡瓜",18,0.6,4.1,0.1,2
E70001,蒲瓜平均值,"扁蒲,蒲仔,瓠子(瓜/餔),匏仔(瓜),葫蘆瓜,瓢簞,天瓜,龍蛋瓜,蒲(葫/壺)蘆",18,0.5,4,0.1,1
E7000101,蒲瓜(長形),"扁蒲,蒲仔,瓠瓜,匏瓜,葫蘆瓜,瓢簞,天瓜,龍蛋瓜,蒲(葫/壺)蘆",19,0.5,4.2,0.1,2
E7000102,蒲瓜(圓形),"扁蒲,蒲仔,瓠瓜,匏瓜,葫蘆瓜,瓢簞,天瓜,龍蛋瓜,蒲(葫/壺)蘆",18,0.6,4,0.1,0
E7000201,花蒲瓜(圓形),"扁蒲,蒲仔,瓠瓜,匏瓜,葫蘆瓜,瓢簞,天瓜,龍蛋瓜,蒲(葫/壺)蘆",15,0.3,3.5,0,0
E7000301,葫蘆瓜,"扁蒲,蒲仔,瓠瓜,匏瓜,葫蘆瓜,瓢簞,天瓜,龍蛋瓜,蒲(葫/壺)蘆",20,0.5,4.1,0.3,0
E7100101,黃櫛瓜,,15,1.5,2.7,0.1,0
E7100201,綠櫛瓜,,13,2.2,1.8,0,0
E7210101,枸杞乾,"枸杞,地骨子,甘杞,杞子,枸忌,苦杞,血杞,天精子",347,12.3,77.8,1.3,521
E7300101,長茄子,"茄,茄仔,紅皮菜,紅茄(菜),紅茄仔,落蘇,崑崙瓜,紫瓜,酪酥,小蓏,長茄",25,1.2,5.3,0.2,2
E7300201,圓茄子,"日本茄子,迷你茄",21,1,4.5,0,2
E74001,大番茄平均值(紅色系),"柑仔蜜,甘仔(阿)蜜,草柿,臭柿仔,西紅柿,小金瓜,番柿,六月柿,洋柿(茄)子,紅茄,毛臘果",19,0.8,4.1,0.1,2
E7400101,牛番茄,"柑(甘)仔蜜,草(番,西紅,六月)柿,臭柿仔,小金瓜,洋柿(茄)子,紅茄,毛臘果",19,0.7,4,0.1,2
E7400102,紅番茄,"柑(甘)仔蜜,草(番,西紅,六月)柿,臭柿仔,小金瓜,洋柿(茄)子,紅茄,毛臘果",20,0.9,4.4,0,2
E7400103,桃太郎番茄,"柑(甘)仔蜜,草(番,西紅,六月)柿,臭柿仔,小金瓜,洋柿(茄)子,紅茄,毛臘果",17,0.7,4,0,3
E7400201,黃番茄,"柑(甘)仔蜜,草(番,西紅,六月)柿,臭柿仔,小金瓜,洋柿(茄)子,紅茄,毛臘果",23,0.9,5.3,0,3
E74003,大番茄平均值(綠色系),"柑仔蜜,甘仔(阿)蜜,草柿,臭柿仔,西紅柿,小金瓜,番柿,六月柿,洋柿(茄)子,紅茄,毛臘果",22,0.7,5,0.1,3
E7400301,粉柿番茄,"柑(甘)仔蜜,草(番,西紅,六月)柿,臭柿仔,小金瓜,洋柿(茄)子,紅茄,毛臘果(粉柿仔)",18,0.8,4,0,2
E7400302,黑柿番茄,"柑(甘)仔蜜,草(番,西紅,六月)柿,臭柿仔,小金瓜,洋柿(茄)子,紅茄,毛臘果",23,0.4,5.6,0.1,1
E7400303,綠番茄,"柑(甘)仔蜜,草(番,西紅,六月)柿,臭柿仔,小金瓜,洋柿(茄)子,紅茄,毛臘果",25,0.9,5.4,0.1,6
E74004,小番茄平均值(紅色系),"柑仔蜜,甘仔(阿)蜜,草柿,臭柿仔,西紅柿,小金瓜,番柿,六月柿,洋柿(茄)子,紅茄,毛臘果",33,0.9,7.4,0.2,6
E7400401,聖女小番茄,"柑(甘)仔蜜,草(番,西紅,六月)柿,臭柿仔,小金瓜,洋柿(茄)子,紅茄,毛臘果",34,1.1,6.9,0.5,10
E7400402,試交二號小番茄,"柑(甘)仔蜜,草(番,西紅,六月)柿,臭柿仔,小金瓜,洋柿(茄)子,紅茄,毛臘果",30,0.7,7.2,0,3
E7400403,櫻桃小番茄,"柑(甘)仔蜜,草(番,西紅,六月)柿,臭柿仔,小金瓜,洋柿(茄)子,紅茄,毛臘果",34,0.9,8.1,0.1,6
E7400501,黃金小蕃茄,"柑(甘)仔蜜,草(番,西紅,六月)柿,臭柿仔,小金瓜,洋柿(茄)子,紅茄,毛臘果",31,0.8,6.8,0.2,3
E74006,小番茄平均值(橙色系),"柑(甘)仔蜜,草(番,西紅,六月)柿,臭柿仔,小金瓜,洋柿(茄)子,紅茄,毛臘果",31,1.1,6.9,0.2,4
E7400601,金女小番茄,"柑(甘)仔蜜,草(番,西紅,六月)柿,臭柿仔,小金瓜,洋柿(茄)子,紅茄,毛臘果",30,1.1,6.6,0.1,4
E7400602,黃金聖女小番茄,"柑(甘)仔蜜,草(番,西紅,六月)柿,臭柿仔,小金瓜,洋柿(茄)子,紅茄,毛臘果",31,1,7,0.1,3
E7400603,橙蕃茄,"柑(甘)仔蜜,草(番,西紅,六月)柿,臭柿仔,小金瓜,洋柿(茄)子,紅茄,毛臘果",32,1.2,7,0.2,3
E7400701,香瓜茄,"香瓜梨,南美香瓜梨",26,0.4,6.2,0.1,3
E75001,甜椒平均值(青皮),"青椒,(甜)番椒,青辣椒,大同仔,番羌仔,燈籠椒,生番薑,獅子椒,甘椒,生椒",29,1,5.9,0.4,2
E7500101,甜椒(青皮),"甜椒,甜番椒,大同仔,番羌仔,燈籠椒,生番薑,獅子椒,甘椒,生椒(青椒,青辣椒)",23,0.8,4.9,0.3,4
E7500102,小甜椒(青皮),"甜椒,甜番椒,大同仔,番羌仔,燈籠椒,生番薑,獅子椒,甘椒,生椒(青椒,青辣椒)",35,1.4,6.8,0.5,0
E7500103,高山甜椒(青皮),"甜椒,甜番椒,大同仔,番羌仔,燈籠椒,生番薑,獅子椒,甘椒,生椒(青椒,青辣椒)",30,0.9,6,0.6,2
E7500201,甜椒(紅皮),"甜椒,甜番椒,大同仔,番羌仔,燈籠椒,生番薑,獅子椒,甘椒,生椒(紅椒,紅番(辣)椒,紅色大唐)",33,0.8,7.1,0.5,1
E7500301,甜椒(黃皮),"甜椒,甜番椒,大同仔,番羌仔,燈籠椒,生番薑,獅子椒,甘椒,生椒",28,0.8,6,0.3,1
E7500401,甜椒(橙皮),"甜椒,甜番椒,大同仔,番羌仔,燈籠椒,生番薑,獅子椒,甘椒,生椒",35,0.9,7.7,0.3,2
E75005,青辣椒平均值,"辣椒,番椒,番仔薑,臘椒(牛角辣椒,羊角辣椒,長辣(番)椒,青辣椒)",33,1.3,6.9,0.3,2
E7500501,角椒,"辣椒,番椒,番仔薑,臘椒",22,0.9,4.7,0.2,2
E7500502,長辣椒(青皮),"辣椒,番椒,番仔薑,臘椒",49,1.9,10.3,0.4,3
E7500503,糯米椒,"辣椒,番椒,番仔薑,臘椒(伏見甘長辣椒)",28,1.2,5.6,0.3,1
E75006,紅辣椒平均值,"辣椒,番椒,番仔薑,牛角辣椒,羊角辣椒,長辣(番)椒,紅辣椒,臘椒",80,3.6,16.4,0.9,6
E7500601,長辣椒(紅皮),"辣椒,番椒,番仔薑,臘椒",48,2.4,9.3,0.7,14
E7500602,朝天椒(長果),"辣椒,番椒,番仔薑,臘椒,指(向)天椒,赤穗生番椒,叢果番椒,海椒",90,3.4,17.9,1.3,3
E7500603,朝天椒(圓果),"辣椒,番椒,番仔薑,臘椒,指(向)天椒,赤穗生番椒,叢果番椒,海椒(雞心椒)",103,4.9,21.9,0.5,2
E7510101,乾長辣椒(紅皮),"辣椒,番椒,番仔薑,臘椒",382,19.9,47.6,17.2,40
E7600101,黃秋葵,"秋葵,羊角豆,黃蜀葵,食香槿,假三念,黃葵",36,2.1,7.5,0.1,9
E7700101,青花菜芽,"青花椰苗,青花菜苗,花菜苔芽",35,2.8,4.9,1,1
E7700201,苜蓿芽,苜蓿嬰,20,3.2,2.5,0.2,65
E7700301,紫甘藍芽,,32,0.2,6.6,0.7,2
E7700401,黃豆芽,大豆芽,47,5.3,5,1.6,7
E7700402,"黃豆芽(有機,2023年取樣)",大豆芽,41,5.1,5,1,2
E7700501,黑豆芽,,52,6.6,6.4,1.1,3
E7700601,葵花芽,,26,2.5,4.3,0.4,1
E7700701,綠豆芽,"豆芽菜,豆菜,綠豆菜",24,2.3,4.1,0.2,16
E7700801,豌豆芽,"豌豆嬰,荷蘭豆芽(嬰)",25,4,2.9,0.4,2
E7700901,蕎麥芽,"烏麥芽,花蕎芽,荍麥芽",20,1.9,3.4,0.2,4
E7701001,蘿蔔芽,"蘿蔔嬰,菜頭嬰(苗/芽),菜頭苗,貝芽菜",24,2.1,3.9,0.4,7
E8700101,山蘇菜,"山蘇花,鳥巢蕨,山翅菜,雀(鳥)巢羊齒,歪頭 菜,巢鐵角蕨,掌草",26,3,4.4,0.2,5
E8800101,火炭母草,"川七,清飯藤,冷飯藤,雞糞(屎)藤,烏炭子",12,1.6,1.2,0.4,26
E8900101,石蓮花,蓮座草,11,0.4,2.2,0.1,40
E9000101,青葙,"野雞冠,雞冠莧,筆雞冠,草決明",50,2.5,7.7,1.6,44
E9100101,假人蔘,"土人參,參仔葉(草),土高麗參,臺灣(野)參,櫨蘭,東洋參,參草",32,1.6,2.2,2.2,17
E9200101,野苦瓜嫩梢,,77,5.7,12.2,1.7,16
E9300101,過溝菜蕨,"過貓(溝),過貓(溝)菜,蕨山貓,食用雙囊蕨",27,3.1,3.2,0.8,6
E9400101,蔘鬚,,330,7,76.2,1.8,32
E9500101,龍骨瓣莕菜,"水蓮菜,野蓮,銀蓮花,水皮蓮,刺種莕菜,捲瓣莕菜",17,1.1,3.1,0.3,111
E9600101,薄荷,"仁丹草,升陽藥,南薄荷,夜息花,野薄荷,新卜荷",55,3.1,10.9,0.6,14
E9700101,蕺菜,"魚腥草,臭腥草,臭臊草,臭瘥草,手藥",46,3.2,7.7,0.9,23
E9800101,蘆薈,盧會,4,0.1,0.2,0.4,18
E9900101,皇宮菜,,22,2.2,3.5,0.3,20
E9900201,香芫荽,,23,2.4,3.9,0.2,74
E9900301,荷蘭豆菜心,,30,3.9,3.9,0.6,9
E9900401,厥子,,23,2.3,3.9,0.2,3
E9900501,義大利茼蒿,,15,1.6,1.9,0.4,1
E9900601,龍延草,,79,3.9,12.7,2.3,22
E9900701,麵包果,"釋迦果,馬檳榔",61,1,11.2,1.8,2
E9900801,冰花,"冰菜,水晶冰花,冰葉日中花",7,0.8,1,0.1,445
F0110101,紅毛苔,"海發菜,海髮菜,頭髮菜,紅毛菜",265,39.9,36.9,1.9,209
F0210101,紫菜,海苔,268,28.1,47.9,0.9,968
F0210102,熟紫菜,海苔,294,18.1,62.4,0.4,517
F0310101,髮菜,"頭髮菜,紅毛菜,發菜",302,10.3,69.5,0.5,107
F0400101,麒麟菜,"麒麟草,海麒麟草,海珊湖,珊湖藻(草),鹹(鹽/神/福)草",41,1,9.9,0,16
F0410101,乾麒麟菜,"乾麒麟草,乾海麒麟草,乾海珊湖,乾珊湖藻(草),乾鹹(鹽/神/福)草",189,1.2,46.7,0.5,14908
F0500101,礁膜,海菜(澎湖人稱),16,0.3,3.7,0.1,77
F0610101,乾海茸芯,"海海洋竹笙,乾素蹄筋",254,8.4,59.1,0.2,4196
F07001,海帶平均值,"江白菜,昆布,海昆布",19,0.7,4.2,0.1,216
F0700101,海帶卷,"江白菜卷,昆布卷,海昆布卷",14,0.7,2.8,0.2,367
F0700102,海帶茸,"江白菜茸,昆布茸,海昆布茸",29,1.1,6.5,0,208
F0700103,海帶梗,海帶根,14,0.4,3.2,0,122
F0700104,海帶結,"江白菜結,昆布結,海昆布結",17,0.8,3.6,0.1,230
F0700105,海帶絲,"江白菜絲,昆布絲,海昆布絲",22,0.7,5,0.1,151
F0710101,乾海帶,"乾江白菜,乾昆布,乾海昆布",220,10,47.3,1.1,3153
F0800101,裙帶菜,"海帶芽,嫩海帶",58,5,11.6,0,9172
F0810101,乾裙帶菜,"乾海帶芽,乾嫩海帶",225,22.9,40.8,0.7,8085
F0810201,乾裙帶菜根,"乾海帶芽根,乾嫩海帶根",201,6.2,46.1,0.6,10170
F0910101,鳳尾藻,紫晶藻,213,11.7,43.9,1.3,3957
F1000101,葛仙米藻,"雨來菇,地木耳,地軟兒,地皮菜,草皮菇,情人的眼淚",24,1.3,5.2,0,14
F9900201,壽司海苔片,,278,46.5,32.1,3.7,387
G0100101,木耳,"黑木耳,桑耳,白背毛木耳,木樟(檽/菌/茸/蛾/樅),樹雞(毛木耳)",38,0.9,8.8,0.1,12
G0100201,冷凍木耳,"黑木耳,桑耳,白背毛木耳,木樟(檽/菌/茸/蛾/樅),樹雞(毛木耳)",51,0.9,12.4,0.1,35
G01101,乾木耳平均值,"黑木耳,桑耳,白背毛木耳,木樟(檽/菌/茸/蛾/樅),樹雞(毛木耳)",333,13.8,74.7,0.7,28
G0110101,乾木耳(紅耳仔),"黑木耳,桑耳,白背毛木耳,木樟(檽/菌/茸/蛾/樅),樹雞(毛木耳)",329,6.1,79.8,0.2,44
G0110102,乾木耳(黑耳仔),"黑木耳,桑耳,白背毛木耳,木樟(檽/菌/茸/蛾/樅),樹雞(毛木耳)",338,21.4,69.6,1.2,12
G0110201,乾川耳,,336,9,79.4,0.3,18
G0200101,銀耳,"白木耳,雪耳",31,1.1,7.2,0,5
G0200201,白毛木耳,"毛木耳(白化),雪珍耳",45,1.2,10.6,0.1,2
G0210101,乾銀耳,"白木耳,雪耳",310,9.3,70.8,1.2,27
G0300101,草菇,"蘭花菇,美味草菇,包腳菇,中國蘑菇,稈(麻/貢)菇,南華菇,家生菇(小包腳菇)",36,3.8,5.9,0.3,3
G0400101,雞腿菇,"雞腿(蘑)菇,雞髀菇,墨水菇,一夜菇(毛頭鬼傘)",36,2.1,7.5,0.1,11
G0410101,雞腿菇(乾),"雞腿(蘑)菇,雞髀菇,墨水菇,一夜菇(毛頭鬼傘)",298,20.1,59.8,1.4,73
G0500101,松茸,"台灣松茸,松口蘑,大花菌,松蕈,剝皮菌(台灣松口蘑)",36,3.1,5.9,0.5,1
G0600101,雪白菇(長),"美白菇,白精靈菇",36,2.1,6.9,0.4,1
G0700101,柳松菇,"柳松茸,茶樹菇,楊樹菇,田頭菇(柱狀田頭菇)",36,3.7,6,0.3,0
G0710101,乾柳松菇,"柳松茸,茶樹菇,楊樹菇,田頭菇(柱狀田頭菇)",286,23.5,53.5,1.9,6
G08001,香菇平均值,"冬(北/花/厚/毛)菇,椎茸,香蕈(信/椹),合蕈",39,3,7.6,0.1,1
G0800101,香菇(大),"冬(北/花/厚/毛)菇,椎茸,香蕈(信/椹),合蕈",37,3,7.1,0.2,2
G0800102,香菇(小),"冬(北/花/厚/毛)菇,椎茸,香蕈(信/椹),合蕈",26,2.4,4.9,0.1,1
G0800103,花菇,"冬(北/花/厚/毛)菇,椎茸,香蕈(信/椹),合蕈",52,3.6,10.7,0.1,2
G08101,乾香菇平均值,"冬(北/花/厚/毛)菇,椎茸,香蕈(信/椹),合蕈",321,20.9,64.9,1.6,9
G0810101,乾香菇,"冬(北/花/厚/毛)菇,椎茸,香蕈(信/椹),合蕈",333,23.3,66.6,1.4,15
G0810102,乾花菇,"冬(北/花/厚/毛)菇,椎茸,香蕈(信/椹),合蕈",317,17,67.4,1.1,4
G0810103,乾白花菇,"冬(北/花/厚/毛)菇,椎茸,香蕈(信/椹),合蕈",310,18.7,64.5,1.1,5
G0810104,乾鈕釦菇,"冬(北/花/厚/毛)菇,椎茸,香蕈(信/椹),合蕈",325,24.6,60.9,2.7,10
G1000101,姬松茸,"姬松菇,巴西蘑菇,柏氏蘑菇,小松菇",40,4,6.9,0.4,1
G1010101,乾姬松茸,"姬松菇,巴西蘑菇,柏氏蘑菇,小松菇",294,34,46.7,2.7,23
G1100101,酒杯菇,"大杯傘,大杯菇,葉松茸,豬肚菇",50,4.6,9,0.3,1
G1200101,秀珍菇,"平菇,小平菇,側耳平菇,蠔菇,袖珍(鮑魚)菇(側耳)",28,3.3,4.6,0.1,1
G1200201,天喜菇,,26,4.5,2.5,0.5,1
G1200301,白蠔菇,,33,2.2,6.4,0.3,1
G1200401,玫瑰菇,"紅側耳,桃紅平菇,紅平菇,粉紅菇",35,4.5,5.6,0.1,1
G1300101,杏香菇,"香微蘑,雪茸,帝王菇,平菇王",26,2.7,4.6,0.1,2
G13002,杏鮑菇平均值,"鳳尾菇,雪茸,帝王菇,平菇王,蠔菇王,干貝菇,刺芹側耳,義大利側耳,義大利蠔菌,杏鮑茸,西洋刺耳",41,2.7,8.3,0.2,3
G1300201,杏鮑菇(大),"鳳尾菇,雪茸,帝王菇,平菇王,蠔菇王,干貝菇,刺芹側耳,義大利側耳,義大利蠔菌,杏鮑茸,西洋刺耳",37,2.4,7.5,0.1,3
G1300202,杏鮑菇(中),"鳳尾菇,雪茸,帝王菇,平菇王,蠔菇王,干貝菇,刺芹側耳,義大利側耳,義大利蠔菌,杏鮑茸,西洋刺耳",40,2.5,8.2,0.2,2
G1300203,杏鮑菇(小),"鳳尾菇,雪茸,帝王菇,平菇王,蠔菇王,干貝菇,刺芹側耳,義大利側耳,義大利蠔菌,杏鮑茸,西洋刺耳",47,3.2,9.2,0.3,3
G1400301,珊瑚菇,"金頂鮑魚菇,金頂蘑,榆黃蘑,榆(黃)蘑,黃金菇,玉皇(米)菇,粗口黃,楊柳菌,黃樹窩(金頂側耳)",33,4,5.2,0.2,0
G1500101,蠔菇,"平菇,日本蠔菇,糙皮側耳,黑牡丹菇,黑美人菇,人工口蘑(囊狀側耳)",26,2.1,4.8,0.3,4
G1500201,鮑魚菇,"夏季鮑魚菇,高溫平菇,台灣平菇,黑美人菇,人工口蘑(囊狀側耳)",22,1.7,4,0.2,2
G1600101,金針菇,"金(冬/榎/朴)菇,金絲菇,金菇菜,秋葷,樸蕈構菌,毛柄金線菇,菌子(絨柄金錢菇)",37,2.6,7.2,0.3,2
G1600201,華翠菇,"滿天星菇,黃色金針菇(絨柄金錢菇)",29,2.5,5.1,0.2,1
G1700101,滑菇,"珍珠菇,滑子,滑子蘑,光蓋鱗傘,光帽黃傘(滑鱗傘)",27,2.6,4.7,0.2,2
G1800101,舞菇,"舞茸,灰樹花,葉多孔菌,栗子蘑,千佛菌,蓮花菌",28,1.4,5.8,0.1,1
G1900101,鴻喜菇,"紅喜菇,真姬菇,斑玉蕈,玉蕈,膠玉蘑,蟹味菇,海鮮菇,假松茸,松茸菇,榆菇,靈芝菇,黑真珠",30,2.9,5.3,0.1,2
G1900201,雪白菇,"美白菇,白玉菇",31,2.2,6.4,0,1
G2000101,洋菇,"西洋蘑菇(蘑菇,雙孢蘑菇)",25,3,3.8,0.2,19
G2000201,冷凍洋菇,"西洋蘑菇(蘑菇,雙孢蘑菇)",39,3.8,4.3,1.5,8
G2100101,白茯苓,"松(雲/安/閩)苓,玉(茯)靈,茯兔(龜),松柏芋,松薯,不死麵,萬靈桂(精),更生,金翁",316,1,79.9,0.2,0
G2300101,猴頭菇,"猴頭蘑,刺蝟菌,蝟菌,花菜菇,圓頭菇,陰陽蘑,對臉蘑",30,2.1,5.9,0.2,2
G2310101,乾猴頭菇,"猴頭蘑,刺蝟菌,蝟菌,花菜菇,圓頭菇,陰陽蘑,對臉蘑",311,12.3,64.3,3.4,3
G2410101,乾竹笙,"竹蓀,竹參(長裙竹蓀)",312,17.5,64.1,2,28
G9000101,松茸白菇,,38,5.1,5.3,0.5,1
G9000201,金喜菇,,39,2.7,7.7,0.2,5
G9000301,喜來菇,,37,3.5,6.3,0.4,1
G9000401,富珍茸,,37,3,6.8,0.4,1
H01051,白鳳豆平均值,"矮性刀豆,洋刀豆,立刀豆",337,23.8,58.2,2.1,0
H0105101,白鳳豆(台灣),"矮性刀豆,洋刀豆,立刀豆",348,27.4,56.4,2.8,1
H0105102,白鳳豆(進口),"矮性刀豆,洋刀豆,立刀豆",325,20.1,60,1.3,0
H0205101,米豆,"飯豆,蛋白豆,赤山豆,繖形豇豆,島田豇豆",349,21.7,62.2,2.4,19
H0305101,花豆,"紅花豆,紅(赤)花菜豆,花仔(阿/柳)豆",328,21.2,59,1.7,11
H0405101,紅豆,"小豆,赤小豆,赤豆,通常小豆,小紅豆,紅小豆",328,20.9,61.5,0.6,1
H0505101,紅雲豆(大紅豆),"紅菜豆,大紅豆",328,20.2,60.4,1.4,2
H0605101,青仁黑豆,"烏豆,枝仔豆,黑大豆",385,37,33.7,14.2,4
H0605201,黃仁黑豆,"烏豆,枝仔豆,黑大豆",253,20.6,40.3,2.1,1
H0610101,黑豆胚芽,,185,16.1,15.9,7.7,2
H0610201,烘烤黑豆,"烏豆,枝仔豆,黑大豆",435,39,32.4,20.1,320
H0620101,黑豆粉,"烏豆,枝仔豆,黑大豆",431,36,39,17.6,65
H0705101,毛綠豆,"菉豆,綠小豆,輻莢豆",346,22.1,63.6,1.2,3
H0705102,綠豆,"菉豆,綠小豆,輻莢豆",344,22.8,63,1.1,1
H0710101,綠豆仁,"菉豆,綠小豆,輻莢豆",339,24.6,59.6,1.3,1
H0720101,綠豆粉,"菉豆,綠小豆,輻莢豆",344,21.7,62.9,1.5,8
H0800101,豇豆(莢),"長豇豆,長莢豇豆,豆角,菜(筷/江/長/角)豆",35,2.4,6.2,0.1,2
H0900101,萊豆仁(帶膜),"皇帝豆,皇格豆,白扁豆,觀音豆,雪豆,大馬萊豆,細綿豆",112,7.8,20.1,0.4,3
H0900201,萊豆仁(去膜),"皇帝豆,皇格豆,白扁豆,觀音豆,雪豆,大馬萊豆,細綿豆",137,7.4,24.7,1.4,2
H1000101,粉豆莢,"菜豆莢,四季豆,雲藕豆,隱之(元)豆,白(花)雲豆,敏(雲/芸/粉/醜)豆",27,1.7,5,0.1,7
H1000201,敏豆莢,"菜豆莢,四季豆,雲藕豆,隱之(元)豆,白(花)雲豆,敏(雲/芸/粉/醜)豆",30,1.7,5.3,0.2,4
H1000301,冷凍菜豆(莢),"四季豆,雲藕豆,隱之(元)豆,白(花)雲豆,敏(雲/芸/粉/醜)豆",57,3.4,10.8,0.1,2
H1100101,毛豆仁,"大豆,青大豆,青皮豆",129,14.6,12.5,3.3,1
H1100201,毛豆莢(高雄13號),"大豆,青大豆,青皮豆",137,11.6,13.2,5.1,1
H1100301,冷凍毛豆仁,"大豆,青大豆,青皮豆",135,12.5,9.8,6.1,359
H1105101,黃豆,"大豆,菽",389,35.6,33,15.7,12
H1110101,黃豆胚芽,大豆胚芽,169,16.6,16.4,5.4,2
H1120101,黃豆粉,大豆,401,37.4,32.2,16.7,2
H1120102,黃豆粉(有機),大豆粉(有機),434,42,25.9,21.9,2
H1150201,豆漿(無糖),,35,3.6,0.7,1.9,2
H1200101,豌豆仁,"荷蓮豆仁,荷仁豆仁,荷蘭豆仁,花蓮豆仁,飛龍豆仁,青豆仁,胡豆仁,畢豆仁,宛豆仁,孫豆仁,丸豆仁,留",123,9.2,21.7,0.4,3
H1200201,豌豆莢,"荷蓮豆,荷仁豆,荷蘭豆,花蓮豆,飛龍豆,青豆莢,胡豆莢,畢豆莢,宛豆莢,孫豆莢,丸豆莢,留豆莢,戎菽",41,2.9,7.1,0.2,4
H1200301,高山大豌豆莢,"荷蓮豆,荷仁豆,荷蘭豆,花蓮豆,飛龍豆,青豆莢,胡豆莢,畢豆莢,宛豆莢,孫豆莢,丸豆莢,留豆莢,戎菽",49,2.4,9.9,0,0
H1200401,甜豌豆莢,"甜脆豌豆,甜荷蘭豆,甜荷仁豆",42,3,7.4,0.2,2
H1200501,冷凍豌豆仁,"荷蓮豆仁,荷仁豆仁,荷蘭豆仁,花蓮豆仁,飛龍豆仁,青豆仁,胡豆仁,畢豆仁,宛豆仁,孫豆仁,丸豆仁,留",96,6.1,17.1,0.6,21
H1300101,鵲豆莢,"肉(扁/?)豆,峨(蛾/花)眉豆,沿(延)籬豆,隱元豆,膨皮豆",31,2.4,5.1,0.3,2
H1505101,紅扁豆仁,,343,25.3,58.3,2.1,1
H1600101,鷹嘴豆,"雪蓮子,埃及豆,馬豆,桃爾豆,雞心豆,雞豆,雞屁股豆",364,19.4,61,5.8,8
H1700101,樹豆(白),"木豆,白樹豆,?豆,米豆,放屁豆,番仔豆,蒲姜豆",325,22.1,59.4,0.8,8
H1800101,翼豆,四角豆、翅豆、羊角豆、 楊桃豆、四稜豆,31,2.5,4.7,0.4,2
H2000101,天貝(黃豆),,187,23.6,7.4,9,3
I01001,牛小排平均值,"肥牛肉,小肋排,牛仔骨",325,15.1,0,28.9,60
I0100101,去骨牛小排,"肥牛肉,小肋排",290,17.1,0,24,59
I0100102,帶骨牛小排,牛仔骨,360,13.1,0.4,33.7,62
I0100103,無骨牛小排(美牛),,335,15.6,0.2,29.8,53
I0100201,牛肋條,"腩條,條肉",225,18.6,1.1,16.2,81
I0100202,牛肋條(2021年取樣),,358,15.7,0.3,32.3,39
I0100301,沙朗牛排,"里肌,大里肌,肋眼,修清肋眼肉;修清肉眼",162,20.4,1.5,8.3,46
I0102101,板腱 ,板腱牛排;白蘭地牛排;上肩胛脊底肌,166,19.8,0.2,9,70
I0102201,牛去骨肩胛小排,肥牛肉,233,16.9,1.2,17.9,53
I0104101,牛前胸肉,"去骨前胸肉,牛腩",331,14.8,0,29.7,58
I0104201,牛修清前胸肉,"修清牛腩,修清前胸腋肌",120,22.3,0.9,2.8,45
I0106101,去骨紐約克牛排,"外條,西冷,去骨前腰脊肉",200,21.3,0,12,49
I0106201,腓力牛排,"菲力牛排,牛柳,小里肌,腰內肉,去脂腰里肌肉,全修清去膜腰裡脊肉",184,20.6,0.1,10.7,47
I0108101,牛後腿肉,,122,19.4,3.7,4.3,58
I0108201,牛後腿股肉,"和尚頭,牛霖",153,20.6,0.8,7.2,48
I0108301,牛後腿腱子心,"牛腱,腱子",139,19.8,0,6,79
I0108302,牛後腿腱子心(2022年取樣),"牛腱,腱子",151,23.7,4,5.5,63
I01101,牛肉火鍋片平均值,,250,19.1,0,18.7,48
I0110101,牛五花肉火鍋片,,430,15.7,0,40.3,45
I0110102,牛紐約客火鍋片,,263,20.1,0,19.6,34
I0110103,牛梅花肉火鍋片,,120,20.3,0.9,3.7,57
I0110104,牛嫩肩里肌火鍋片,,188,20,1.8,11.4,56
I01201,牛肚平均值,"百葉胃,毛肚,牛百葉,牛百頁,牛草肚(牛之第一胃);蜂巢肚,金錢肚(牛之第二胃)",56,11.4,0.1,0.8,82
I0120101,牛肚(瘤胃),"百葉胃,毛肚,牛百葉,牛百頁,牛草肚(牛之第一胃,山鏈狀)",44,7.5,0,1.4,113
I0120102,牛肚切片(瘤胃),"百葉胃,毛肚,牛百葉,牛百頁,牛草肚(牛之第一胃)",67,15.3,0.3,0.2,51
I0120201,牛肚(蜂巢胃),"蜂巢肚,金錢肚(牛之第二胃)",107,19,0,2.8,103
I0120301,牛筋,蹄筋,157,21.7,3.3,7.2,50
I0200101,山羊帶皮羊肉塊,,164,20.3,3.4,8.6,81
I0200201,山羊前腿肉片,,123,21.3,0,3.5,60
I0200301,山羊後腿肉火鍋片,,170,18.9,0.1,9.9,99
I0210101,綿羊肉切片,,198,18.8,0,13,73
I0210201,法式羊排,"羊肋排,羊小排",260,18.8,0,20,68
I0210301,去骨肩頸眼羊肉,,198,17.8,0,13.5,57
I0210401,小羊腰脊肉,去骨腰脊肉,143,26.5,0,3.3,54
I0210501,綿羊腹脅肉火鍋片,五花肉火鍋片,252,16.9,2.5,20,76
I0300101,豬下肩肉,前腿肉,200,18.1,0,13.6,54
I0300201,豬下肩瘦肉,前腿瘦肉,131,20.1,0,5,53
I0300301,豬上肩肉,梅花肉,207,18.9,0,14,52
I0300401,豬肩胛肉,胛心肉,295,16.5,0,24.8,53
I0300501,豬肩胛排,中排,191,17.9,0,12.7,97
I0300502,豬肩胛排(2021年取樣),,244,17.8,0,18.7,64
I0300601,豬前腿外腱肉,"豬腱,腱子肉",146,20.7,0,6.5,71
I0302101,豬後腿外腱肉,"豬腱,外腱",184,19,0.8,11.4,66
I0302201,豬後腿肉,,123,20.4,0.4,4,49
I0302301,豬後腿瘦肉,,120,21.1,0.3,3.4,41
I0304101,豬大里肌,"背脊肉,里肌肉",212,19.2,0,14.4,40
I0304201,豬大排,"背脊,帶骨里肌",214,19.1,0,14.7,55
I0304301,豬小排,"里肌小排,肋小排,肋骨排",287,18,0,23.3,74
I0304401,僧帽肌,離緣肉,209,20.4,0,13.5,48
I0306101,豬小里肌,腰內肉,139,21.1,0,5.4,46
I0308101,豬去皮腹?肉,"去皮五花肉,去皮三層肉",360,14.9,0.5,32.9,44
I0308201,豬帶皮腹?肉,"帶皮五花肉,帶皮三層肉",368,14.5,0,33.9,62
I0308301,豬腹?排,"腩排,肉排,小排",267,18.7,0,20.7,67
I0310101,豬肝連,"肝連,隔胸肉,條仔肉(橫隔肌)",220,14.6,0,17.5,43
I0310201,豬頰肉,"豬舌肉,菊花肉",182,17.5,1.4,11.9,65
I0310202,豬頰肉(2022年取樣),"豬舌肉,菊花肉",157,18.9,2.1,8.4,67
I0310301,豬頸肉,松阪豬肉,284,17.2,0.8,23.3,43
I03104,豬絞肉平均值,,212,18.7,0,14.6,58
I0310401,豬絞肉(70％瘦肉率),,218,19,0,15.2,56
I0310402,豬絞肉(90％瘦肉率),,205,18.5,0,14,61
I0320101,豬心,,128,13.6,1,7.8,74
I0320201,豬白管,"豬管庭(廷),皇管(豬之胸大動脈)",93,14.1,0,3.6,68
I0320301,豬皮,,491,22.1,0,44,109
I0320401,豬耳,,219,24.2,0.9,12.8,175
I0320501,豬舌,,185,18.5,0,11.8,119
I0320601,豬血,,29,6.3,0.5,0.3,179
I0320701,豬尾,,295,16.2,7.1,25,92
I0320801,豬肝,,137,20.8,1.7,5.3,84
I0321101,豬肚,豬胃,152,12.4,0,11,62
I0321201,熟豬肚,豬胃,137,16,2.7,7.6,30
I0321301,豬油渣,,837,17.4,0,84.5,153
I03214,豬骨湯平均值,高湯,8,0.9,0,0.4,15
I0321401,豬大骨湯,高湯,7,1,0.4,0.3,23
I0321402,豬肋骨湯,"高湯,小骨湯,籤仔骨湯,冰仔骨湯,支骨湯",9,0.7,0,0.6,6
I0321403,豬肩骨湯,高湯,8,1.1,0.2,0.4,16
I0321501,豬軟骨,,332,15.6,0,29.4,90
I0321601,豬腎,腰子,82,15,1.7,1.9,102
I0321701,豬脾臟,腰尺,79,15,2,1.6,51
I0321801,豬大腸,,198,6.6,1.9,18.9,45
I0321901,豬小腸,,156,12.5,0.6,11.4,30
I0322001,豬空腸,粉腸,186,10.9,8.6,15.4,84
I0322101,豬前腳,"豬腳,豬蹄,短腳",252,21.9,0,17.6,114
I0322201,豬後腳,"豬腳,豬蹄,長腳",253,19.5,0,18.8,69
I0322301,豬蹄膀,"豬腳,蹄膀,圓蹄",331,17.1,0,28.6,50
I0322501,豬腳筋,"蹄筋,長筋",72,14.4,0,1.1,44
I0322601,豬腦,,125,10.8,0,8.7,120
I0400101,土雞,"放山雞,走地雞",196,19,0,12.7,70
I0400201,肉雞,飼料雞,248,16.1,0,19.9,44
I0400301,烏骨雞,"竹絲雞,絲羽烏骨雞,武山雞,烏雞",212,17.9,0.9,15.1,42
I04021,里肌肉平均值,,109,24.2,0,0.6,58
I0402101,里肌肉(土雞),,112,24.8,0,0.6,72
I0402102,里肌肉(肉雞),,106,23.7,0,0.6,44
I0402201,帶骨去皮對切胸(肉雞),,104,22.4,0,0.9,49
I0402301,帶骨帶皮對切胸(肉雞),,219,19.3,0,15.1,47
I04024,去皮清肉平均值,,119,23.3,0,2.1,50
I0402401,去皮清肉(土雞),去皮雞胸肉,121,23.4,0,2.3,67
I0402402,去皮清肉(肉雞),去皮雞胸肉,117,23.3,0.6,1.9,33
I04041,骨腿平均值,,163,18,0.2,9.5,68
I0404101,骨腿(土雞),雞腿,130,21.7,0,4.1,52
I0404102,骨腿(肉雞),雞腿,196,14.4,1.7,14.9,84
I04042,清腿平均值,,157,18.5,0,8.7,117
I0404201,清腿(土雞),雞腿,142,20.4,0,6.1,131
I0404202,清腿(肉雞),雞腿,173,16.6,0,11.3,103
I04043,棒棒腿平均值,,151,18.9,0,7.8,139
I0404301,棒棒腿(土雞),雞腿,143,21,0,5.9,168
I0404302,棒棒腿(肉雞),雞腿,159,16.8,0.3,9.7,109
I04044,雞排平均值,,183,17.1,0,12.2,86
I0404401,雞排(土雞),,158,18.9,0,8.6,97
I0404402,雞排(肉雞),,208,15.3,0,15.8,76
I0404403,雞排(肉雞)(2021年取樣),,251,14.9,0,20.8,94
I0404501,去皮去骨雞腿(肉雞),,165,19.8,0,8.9,68
I04061,二節翅平均值,,226,18.1,0,16.4,83
I0406101,二節翅(土雞),,228,19.8,0,15.9,68
I0406102,二節翅(肉雞),,223,16.4,0.6,17,98
I04062,三節翅平均值,,210,18.3,0,14.6,75
I0406201,三節翅(土雞),,198,19,0,13,66
I0406202,三節翅(肉雞),,222,17.7,0,16.3,85
I0406301,翅腿(肉雞),小雞腿,210,17.8,1,14.8,70
I0410101,雞絞肉,,131,27.4,0,1.6,38
I0420101,雞心(肉雞),,190,13.3,0.1,14.8,87
I0420102,雞心(肉雞)(2021年取樣),,204,14.4,1.2,15.8,85
I0420201,雞尾椎,雞屁股,452,9,0.1,45.9,35
I0420301,雞肝(肉雞),,111,18.8,2.7,3.5,93
I0420401,雞胗(肉雞),雞肫,89,16.6,0.3,2,57
I0420601,雞胸骨湯,雞高湯,9,1.5,0.2,0.3,24
I0420701,雞睪丸,"雞子,雞弗",71,10.6,0.2,2.8,90
I0420801,雞腳(肉雞),"雞爪,鳳爪",209,20.7,1.2,13.3,102
I0420901,雞膝軟骨(肉雞),雞軟骨,107,20.4,0.5,2.2,197
I0421001,雞皮(肉雞),,442,11.7,0,43.4,40
I0500101,太空鴨,,319,16,0,27.8,41
I0500201,番鴨,"麝番鴨,紅面鴨,紅面(正)番鴨",229,18.2,0,16.7,51
I0500301,太空鴨(去皮),,102,20.1,0,1.8,64
I0500401,土番鴨,,111,20.9,0,2.4,70
I0502101,櫻桃鴨胸肉片,,227,16.7,4.7,17.2,37
I0504101,鴨腿,,282,14.4,3.4,24.5,48
I0520101,鴨血,,29,6,0,0.3,131
I0520201,鴨胗,鴨肫,97,20.5,0.3,1.1,79
I0520301,去骨鴨掌,,113,12.6,0,6.6,78
I0520401,鴨腸,,94,13.8,0,3.9,53
I0520601,鴨翅,,170,22.8,0,8.1,67
I0520701,鴨頭,,199,16.5,0,14.3,74
I0520801,鴨舌,,187,16,0,13.2,57
I0600101,鵝肉,,187,15.6,2.4,13.4,54
I0602101,鵝胸肉,,120,23.5,0.2,2.2,51
I0604101,鵝腿肉,,130,21.7,0,4.2,75
I0620101,鵝心,,241,14.5,0,19.9,72
I0620201,鵝肝,,123,20.5,0.6,3.9,392
I0620301,鵝胗,鵝肫,95,17.4,2.8,2.3,77
I0620401,鵝腸,,63,9.2,0.7,2.6,110
I0700101,火雞肉,"七面鳥,吐綬雞",141,21.1,0,5.6,51
I0802101,鴕鳥菲力肉排,"鴕鳥腓力,鴕鳥里肌肉",105,22.8,0.8,0.8,59
I0804101,鴕鳥沙朗肉排,,97,20.9,6.1,0.8,55
I0810101,鴕腱肉,"屈肌,伸肌",107,18.7,0.2,3.1,75
I0810201,鴕腩肉,,144,21.2,0.7,5.9,86
I1000101,山豬肉片,山豬肉,466,11.9,0,46,30
I9900101,虎皮蛙,"虎斑蛙,虎紋蛙,水雞,田雞,台灣青蛙",94,21.1,0.6,0.4,70
I9900201,蛇肉,,85,19,0,0.4,29
J0200201,雙髻鯊,"丫髻鯊(鮫),犛頭沙,雙髻鯊,雙過仔",117,27.4,0,0.1,83
J0200202,雙髻鯊腹肉,"丫髻鯊(鮫),犛頭沙,雙髻鯊,雙過仔",110,25.8,0,0,142
J0200301,鯊魚切片,沙魚,106,24.8,0,0,62
J0400101,魟魚,,106,24.8,0,0.1,168
J0400201,日本鰻鱺魚片(生),"白鰻,日本鰻,正鰻,白鱔,鰻鱺,土鰻(澎湖),淡水鰻(澎湖) ",254,18.1,0,19.6,47
J0400401,灰海鰻,"虎鰻,海鰻,錢鰻(臺東)",97,20.5,0,1,83
J0400501,?仔魚,?仔,56,11.1,0,0.9,456
J04006,?仔魚平均值(加工),?仔,124,26.2,1,1.3,1841
J0400601,"?仔魚(加工,大)",?仔,97,20.7,1.1,1,851
J0400602,"?仔魚(加工,小)",?仔,151,31.8,0.9,1.7,2830
J0400603,?仔魚(加工),,105,23,0,0.8,1448
J0400801,鱙仔魚(加工),"針?仔,鱙仔,寮仔魚",101,21,0,1.3,705
J0400901,日本銀帶鯡(加工),"針嘴?,丁香魚,?仔,丁香,鱙仔,灰海荷?",111,21.5,1.2,2.1,736
J0400902,日本銀帶鯡魚干(丁香魚脯),"針嘴?,丁香魚,?仔,丁香,鱙仔,灰海荷?",275,51.8,1.7,6,1276
J04010,虱目魚平均值(去皮),"麻虱目仔,麻虱(蝨)目,蝨(遮/塞)目魚,虱麻魚,海草魚,安平魚,國姓(聖)魚",179,21.8,0.2,9.5,41
J0401001,虱目魚(2月),"海草魚,遮目魚,殺目魚,安平魚,國姓魚,麻虱目仔,虱目/麻虱目(澎湖)",180,19.8,1.3,10.6,44
J0401002,虱目魚(5月),"海草魚,遮目魚,殺目魚,安平魚,國姓魚,麻虱目仔,虱目/麻虱目(澎湖)",189,22.3,0,10.4,27
J0401003,虱目魚(8月),"海草魚,遮目魚,殺目魚,安平魚,國姓魚,麻虱目仔,虱目/麻虱目(澎湖)",124,23.7,0.5,2.6,42
J0401004,虱目魚(9月),"海草魚,遮目魚,殺目魚,安平魚,國姓魚,麻虱目仔,虱目/麻虱目(澎湖)",208,22,0,12.7,41
J0401005,虱目魚(12月),"海草魚,遮目魚,殺目魚,安平魚,國姓魚,麻虱目仔,虱目/麻虱目(澎湖)",192,21.4,0.1,11.2,53
J0401101,虱目魚(含皮),"海草魚,遮目魚,殺目魚,安平魚,國姓魚,麻虱目仔,虱目/麻虱目(澎湖)",200,21.8,0,11.9,96
J0401102,虱目魚(2022年取樣),"海草魚,遮目魚,殺目魚,安平魚,國姓魚,麻虱目仔,虱目/麻虱目(澎湖)",243,20.1,1.4,17.4,46
J0401201,虱目魚腹肉(虱目魚肚),,342,17.4,0,29.6,47
J0401301,草魚切片,"鯇,鯤,池魚,草根魚,草鰱(高屏地區) ",166,21.4,2.1,8.3,53
J0401401,草魚(含皮),"鯇,鯤,池魚,草根魚,草鰱(高屏地區) ",91,17.2,0.8,2,37
J0401501,鯉,"?仔,在來鯉,財神魚",91,14.5,2.1,3.2,38
J0401601,?,"黑鰱,大頭鰱(魚),花鰱,胖頭鰱 ",145,18.7,0,7.2,24
J0401701,鬍鯰,"鬍子鯰,土殺,本土土虱,塘虱魚",194,16.3,0,13.8,37
J0401801,斑海鯰,"成仔魚,成仔丁,銀成,白肉成,臭臊成,生仔魚,鰻鯰,賓士魚",86,19.2,0,0.5,115
J0401901,長體油胡瓜魚,柳葉魚,104,15,0,4.4,104
J0402001,香魚,"桀(加魚邊)魚,Ayu,年魚",147,18.5,0,7.5,53
J0402101,銀魚,"水晶魚,小銀魚",69,14.3,0.9,0.9,56
J0402201,白肉鮭魚切片,,151,22.6,0.3,6.1,53
J0402301,紅肉鮭魚切片,,158,24.3,0,6,72
J04024,大西洋鮭魚平均值(去皮),,221,20.2,0,14.9,45
J0402401,大西洋鮭魚(台灣養殖),,155,23.6,0,6,45
J0402402,大西洋鮭魚切片(中段),,174,20.7,0,9.5,39
J0402403,大西洋鮭魚切片(尾段),,204,20.7,0,12.8,61
J0402404,大西洋鮭魚生魚片,,222,19.6,0,15.3,36
J0402405,大西洋鮭魚腹肉,,349,16.4,0,31,42
J0402501,麥奇?吻鮭(去皮),"鱒魚,虹鱒,麥奇鉤吻鱒",160,20.9,0,7.8,48
J0402601,麥奇?吻鮭(含皮),"鱒魚,虹鱒,麥奇鉤吻鱒",147,20.1,0.4,6.8,23
J0402701,姬魚,"仙女魚,狗母,汕狗母",104,24.1,0,0.2,88
J0402801,印度鐮齒魚,"水狗母,粉粘,那哥,那個魚",49,10.4,0.4,0.5,192
J0402901,狗母魚(蛇鯔),"狗母梭,狗母",103,20.8,0.1,1.6,60
J0403001,??,,68,14.9,0.6,0.5,117
J04031,鯔平均值(去皮),"烏(鯔/信/聖)魚,青頭仔(幼魚),奇目仔(成魚),正(大)烏,正(回)頭烏,日本鯔",152,20.6,0.3,7.1,50
J0403101,鯔(2月),"青頭仔(幼魚),奇目仔(成魚),信魚,正烏,烏魚,正頭烏,回頭烏,大烏(澎湖) ",137,20.4,1.6,5.5,42
J0403102,鯔(4月),"青頭仔(幼魚),奇目仔(成魚),信魚,正烏,烏魚,正頭烏,回頭烏,大烏(澎湖)",133,20.4,0.9,5,43
J0403103,鯔(8月),"青頭仔(幼魚),奇目仔(成魚),信魚,正烏,烏魚,正頭烏,回頭烏,大烏(澎湖)",224,17.3,0,16.7,73
J0403104,"鯔(11月,雄魚)","青頭仔(幼魚),奇目仔(成魚),信魚,正烏,烏魚,正頭烏,回頭烏,大烏(澎湖)",129,21.3,0,4.2,63
J0403105,"鯔(11月,雌魚)","青頭仔(幼魚),奇目仔(成魚),信魚,正烏,烏魚,正頭烏,回頭烏,大烏(澎湖)",141,21.5,0,5.5,57
J0403106,"鯔(12月,雄魚)","青頭仔(幼魚),奇目仔(成魚),信魚,正烏,烏魚,正頭烏,回頭烏,大烏(澎湖)",137,21.1,0.9,5.2,59
J0403107,"鯔(12月,雌魚)","青頭仔(幼魚),奇目仔(成魚),信魚,正烏,烏魚,正頭烏,回頭烏,大烏(澎湖)",149,21.8,0.2,6.2,37
J0403108,鯔切片,"青頭仔(幼魚),奇目仔(成魚),信魚,正烏,烏魚,正頭烏,回頭烏,大烏(澎湖)",170,21.2,0,8.8,27
J0403201,鯔(含皮),"青頭仔(幼魚),奇目仔(成魚),信魚,正烏,烏魚,正頭烏,回頭烏,大烏(澎湖)",155,20.6,0,7.4,49
J0403301,斑鰭飛魚,"小烏,飛烏,花烏(澎湖)",94,22,0.2,0.1,54
J0403401,斑鱵,"補網師,水針,莎優莉,簪針(澎湖),七星針(南部)",91,20.6,0.3,0.3,79
J0403501,鱷形叉尾鶴鱵,"青旗,學仔,白天青旗,圓學(澎湖)",98,22.4,0.2,0.3,64
J0403601,金鱗魚,,85,19.5,1.3,0.2,61
J0403701,鱗馬鞭魚,"馬鞭魚,馬戍,槍管,火管,剃仔,土管(臺東) ",84,18.5,0,0.5,121
J0403801,黃鱔,"鱔魚,田鱔,田鰻,長魚,血魚,羅魚,無鱗公子",88,17.6,1,1.4,55
J0403901,石狗公,"石頭魚,獅甕(澎湖),紅鱠仔",80,18.3,0,0.2,67
J0404001,環紋簑?,"龍鬚簑?,獅子魚,長獅,魔鬼,國公,石狗敢,虎魚,雞公,紅虎,火烘,石頭魚",79,18.4,0,0.1,145
J0404101,深海鱗角魚,"深海角魚,雞角,角仔魚",80,17.7,0,0.5,105
J0404201,尖嘴鱸(去皮),"金目鱸,盲槽,扁紅目鱸",98,20.6,0.1,1.2,48
J0404301,尖嘴鱸(含皮),"金目鱸,盲槽,扁紅目鱸",107,19.6,0,2.6,51
J04044,日本花鱸平均值,"七星鱸,花鱸,青鱸,鱸魚,日本真鱸 ",98,19.9,0.9,1.5,62
J0404401,日本花鱸(2月),"七星鱸,花鱸,青鱸,鱸魚,日本真鱸 ",95,20.1,1.9,1,44
J0404402,日本花鱸((3月),"七星鱸,花鱸,青鱸,鱸魚,日本真鱸 ",100,20,0.5,1.6,65
J0404403,日本花鱸((8月),"七星鱸,花鱸,青鱸,鱸魚,日本真鱸 ",95,19,1.5,1.6,57
J0404404,日本花鱸((11月),"七星鱸,花鱸,青鱸,鱸魚,日本真鱸 ",99,20.5,0.1,1.3,64
J0404405,日本花鱸((12月),"七星鱸,花鱸,青鱸,鱸魚,日本真鱸 ",101,19.6,0.4,1.9,78
J0404501,日本花鱸(含皮),"七星鱸,花鱸,青鱸,鱸魚,日本真鱸 ",111,19.2,0.8,3.2,55
J0404601,白鱸,,76,17.7,1,0.1,55
J0404701,條紋狼鱸,,147,21.4,0,6.2,69
J0404801,鱖,,89,17.7,0,1.5,47
J0404901,白緣星鱠,"闊嘴格仔,鱠,過魚,石斑,紅朱鱠(臺東),粉條(澎湖)",101,19.9,0,1.8,70
J04050,青星九刺鮨平均值,"紅鱠(條/格),七星斑,紅格仔,過(?/髻/郭)魚,石斑,條舅,青星九棘鱸,仔石斑,夕鱠",94,20.9,0,0.5,46
J0405001,青星九刺鮨,"紅鱠,紅格仔,過魚,石斑,條舅,紅條,鱠仔(臺東) ",83,19.3,0.5,0.1,47
J0405002,青星九刺鮨魚片,"紅鱠,紅格仔,過魚,石斑,條舅,紅條,鱠仔(臺東) ",104,22.6,0,0.8,45
J0405101,斑帶石斑魚,"石斑,過魚,罔仔,竹節鱠,擬青石斑魚",90,20.2,0,0.5,91
J0405102,龍虎石斑魚,"龍虎斑,巴龍膽,珍珠龍膽,虎膽",122,20.6,1.2,3.8,69
J0405201,斑點九刺鮨(去皮),"眼斑鱠,過魚,石斑,油鱠,青貓,黑鱠僅,黑鱠仔(澎湖) ",82,18.8,0.9,0.2,157
J0405301,斑點九刺鮨(含皮),"眼斑鱠,過魚,石斑,油鱠,青貓,黑鱠僅,黑鱠仔(澎湖) ",84,19.4,0,0.1,59
J0405401,棕點石斑魚,"老虎斑,過魚",115,19.1,0,3.7,79
J0405501,鞍帶石斑魚片,"龍膽石斑,過魚,槍頭石斑魚,倒吞鱟,鴛鴦鱠,龍躉(香港) ",155,19.1,0.2,8.2,118
J0405601,駝背鱸,"老鼠斑,?魚,烏丸稅,尖嘴鱠仔,觀音鱠,斟鰻鱠(澎湖)",83,18.1,0,0.6,93
J0405701,橫紋九刺鮨,"橫帶鱠,過魚,石斑,黑貓仔,黑絲貓,竹鱠仔,黑青貓仔(澎湖),烏絲(香港) ",85,19.3,0,0.3,81
J0405801,大口黑鱸,"黑鱸,加州鱸,淡水鱸",130,20.7,0,4.6,101
J0405901,日本紅目大眼鯛,"紅目鰱,嚴公仔,大目仔(臺東),紅目孔(澎湖),嚴公舅(澎湖) ",97,19.6,0,1.5,63
J0406001,血斑異大眼鯛,"紅目鰱,嚴公仔",93,20.6,0,0.6,119
J0406101,多鱗沙?,"沙腸仔,kiss 魚",90,18.6,0.6,1.2,96
J0406201,日本馬頭魚,"馬頭,方頭魚,吧唄,紅尾,吧口弄,紅馬頭,紅甘鯛 ",85,18.7,0,0.6,86
J0406301,白馬頭魚,"馬頭,方頭魚,馬頭,方頭魚,白馬頭,拉崙(澎湖),白甘鯛 ",91,19.2,0.1,1,63
J0406401,鬼頭刀魚片,"?魚,萬魚,飛烏虎,鬼頭刀(臺東),?,萬引,扁頭刀(澎湖),九萬仔(澎湖)",78,17.2,0,0.5,178
J0406501,鬼頭刀,"?魚,萬魚,飛烏虎,鬼頭刀(臺東),?,萬引,扁頭刀(澎湖),九萬仔(澎湖)",107,21.8,0,1.5,55
J0406601,海鱺,"海麗仔,軍曹魚,海龍魚,黑魽,海麗(臺東),海魚戾魚,錫臘白,海鱺/鱺魚/紅目鱺(澎湖) ",106,20.4,0,2.1,131
J0406602,海鱺魚片,"海麗仔,軍曹魚,海龍魚,黑魽,海麗(臺東),海魚戾魚,錫臘白,海鱺/鱺魚/紅目鱺(澎湖) ",264,19.3,0,20.1,50
J0406701,大口逆??,"七星仔,棘蔥仔,鬼平,龜濱,龜柄,油面仔(臺東),歸秉/龜秉/肥柄(澎湖)",103,21.8,0.1,1.1,54
J0406801,大甲?,"鐵甲,扁甲,大目巴攏,大甲?",105,21.2,0.4,1.6,90
J0406901,日本竹筴魚,"巴攏,竹莢魚,瓜仔魚,真?,巴蘭,瓜魚,巴弄/硬尾(澎湖),黑尾",116,23,0,2,88
J0407001,布氏鯧?(去皮),"金槍,金鯧,紅杉,紅沙瓜仔,長鰭黃臘?,甘仔魚(臺東),紅紗(澎湖) ",192,20.3,0,11.7,49
J0407101,布氏鯧?(含皮),"金槍,金鯧,紅杉,紅沙瓜仔,長鰭黃臘?,甘仔魚(臺東),紅紗(澎湖)",190,17.5,0,12.8,36
J0407201,杜氏鰤,"紅甘,紅甘?,竹午,汕午,紅頭午 ",115,21.9,0.2,2.4,41
J0407202,長鰭鰤魚,"油甘,黃尾?,甘仔,扁午,扁甘,柴魽",114,22.8,2.7,1.9,87
J0407301,范氏副葉?,甘仔魚,108,20.9,2.1,2.1,62
J0407401,泰勃圓?,硬尾,113,22.8,1.4,1.7,62
J0407501,烏鯧,"烏昌,三角昌,昌鼠魚,黑鯧,暗鯧,黑鰭,燕尾鯧",94,20.4,0,0.8,114
J0407601,無斑圓?,"紅瓜魚,巴攏,紅扁?,赤尾仔(臺東),赤尾,馬尾冬,紅瓜?,紅尾巴弄(澎湖) ",119,23.9,0,1.9,130
J0407701,藍圓?,"硬尾,廣仔,甘廣,四破,巴攏,金鼓,吧弄,巴弄/孔仔(澎湖)",114,24,0,1.3,57
J0407801,雙帶?,"海草,拉侖,拉崙/柴魚/青甘(澎湖)",118,22.6,0,2.4,43
J0407901,眼眶魚,"皮刀,眼眶魚,庖刀魚,皮鞋刀,菜刀魚,剃頭刀(澎湖)",113,20.3,0.2,2.9,108
J0408001,斯氏長鰭烏魴,"深海三角仔,黑飛刀,黑皮刀,三角仔(臺東),大鱗烏鯧(澎湖) ",97,22.4,0,0.1,40
J0408101,史氏紅諧魚,"紅鰱魚,紅肉欉仔,紅嘴唇仔,紅唇仔,紅魚仔,白肉蒜,紅肉蒜",97,21.1,0,0.7,75
J0408201,希氏姬鯛,"鎖吾,散午,紅魚仔,紅臭魚仔,紅臭魚(臺東),白肉蒜",91,21.1,0.5,0.1,57
J0408301,赤鰭笛鯛,"紅雞仔,赤海雞,赤筆仔(臺東),赤筆,赤海,紅魚,紅鰭赤海/鐵汕婆(澎湖) ",88,20.4,0,0.1,91
J0408401,孟加拉笛鯛,"赤筆仔,黃雞母(澎湖)",87,19.8,0,0.3,62
J0408501,前鱗笛鯛,赤筆仔,101,22,0.9,0.8,60
J0408601,馬拉巴笛鯛,"赤海,赤筆仔",86,20.2,0,0,96
J0408701,單斑笛鯛,"點記,黑點仔,黃翅,赤筆仔,點誌仔,龍王(臺東) ",106,20.7,0,1.9,45
J0408801,黃擬烏尾?,"黃雞仔,包公雞,貢仔,黃腳佳仔,黃加甲(臺東),烏尾冬/青雞仔(澎湖)",80,18.7,0.3,0.1,82
J0408901,葉唇笛鯛,"厚唇仔,紅魚",118,19.9,0,3.7,75
J0409001,松鯛,"打鐵婆,枯葉,石鯽,睡魚,庫羅黛,睏魚,海南洋仔,南洋鱸魚,海吳郭,流魚/柴魚/打鐵鱸(澎湖)",98,18.2,0.1,2.3,76
J0409101,三線磯鱸,"三線雞魚,黃雞仔,雞仔魚,番仔加誌,黃公仔魚,黃雞魚,三爪仔,雞魚(澎湖),青筆",130,19,0.6,5.4,58
J0409201,星雞魚,"雞仔魚,石鱸,厚鱸,頭額/金龍/?額(澎湖) ",99,20.6,0.4,1.2,73
J0409301,密點少棘胡椒鯛,"雞仔魚,加志,少棘石鱸,圭誌/烏嘉誌(澎湖) ",94,19.5,0,1.2,74
J0409401,金線魚,"金線鰱,黃線,紅杉",119,20.9,0,3.3,103
J0409501,青嘴龍占魚,"龍尖,龍占,青嘴仔,青嘴/尖嘴仔(澎湖)",128,22.7,0,3.4,87
J0409601,網紋龍占魚,"龍尖,龍占(臺東)",101,21.7,0,1,90
J0409701,平鯛,"黃錫鯛,枋頭,邦頭/枋頭/白嘉?(澎湖)",158,21,0.5,7.6,32
J0409801,阿部牙鯛,"赤?,阿部赤?",124,18.9,0,4.8,65
J04099,真鯛平均值(去皮),"嘉?魚,正鯛,加臘,加蚋,加魶,真鯛,加幾魚,銅盆魚,棘鬣魚  ",110,20.6,0.2,2.5,60
J0409901,真鯛(1月),"嘉?魚,正鯛,加臘,加蚋,加魶,真鯛,加幾魚,銅盆魚,棘鬣魚  ",100,20.1,0.7,1.6,54
J0409902,真鯛(3月),"嘉?魚,正鯛,加臘,加蚋,加魶,真鯛,加幾魚,銅盆魚,棘鬣魚  ",101,20.8,0.7,1.3,64
J0409903,真鯛(5月),"嘉?魚,正鯛,加臘,加蚋,加魶,真鯛,加幾魚,銅盆魚,棘鬣魚  ",87,20,0,0.1,64
J0409904,真鯛(8月),"嘉?魚,正鯛,加臘,加蚋,加魶,真鯛,加幾魚,銅盆魚,棘鬣魚  ",176,20.6,1.7,9.8,51
J0409905,真鯛(9月),"嘉?魚,正鯛,加臘,加蚋,加魶,真鯛,加幾魚,銅盆魚,棘鬣魚  ",92,21.6,0,0,60
J0409906,真鯛(11月),"嘉?魚,正鯛,加臘,加蚋,加魶,真鯛,加幾魚,銅盆魚,棘鬣魚  ",105,20.3,0,2,66
J0410001,黃鰭棘鯛,"黃鰭鯛,黃鰭,赤翅仔,赤翅,花身,鏡鯛 ",136,19.2,0.6,6,70
J0410101,黑棘鯛(去皮),"黑鯛,烏格,黑格,厚唇,烏毛,烏鱠,黑頰(澎湖)",136,20.3,0.6,5.5,46
J0410201,黑棘鯛(含皮),"黑鯛,烏格,黑格,厚唇,烏毛,烏鱠,黑頰(澎湖)",165,19.5,0,9,66
J0410301,多鱗四指馬?,"四絲馬?,四指馬?,竹午,大午,午仔,鬚午仔/發鬚午仔(澎湖)",146,19,0,7.2,69
J0410401,大黃魚,"黃魚,黃瓜,黃花魚,黃口,火口,大黃花",142,16.8,0.2,7.8,40
J0410501,小黃魚(去皮),"黃魚,小黃瓜,厚鱗仔,黃口,黃順,黃瓜,紅瓜",100,20,0,1.6,92
J0410601,小黃魚(含皮),"黃魚,小黃瓜,厚鱗仔,黃口,黃順,黃瓜,紅瓜",100,19.4,0,1.9,76
J0410701,白姑魚,"白口,帕頭,黃順,加網(澎湖)",97,18.8,0,1.8,85
J0410801,眼斑擬石首魚,紅鼓魚,95,19.7,0.9,1.2,71
J0410901,黃姑魚,"春子,假黃魚,黃婆,紅花(臺南安平)  ",89,19.4,0,0.7,71
J0411001,黑? ,"黑口,烏喉,黑喉(臺東),加正,烏加網,黑喉,臭魚",149,17.9,1.2,8,56
J0411101,鮸,"鮸仔,敏魚,米魚,水鮸仔",104,23.3,0,0.5,52
J0411201,鱗鰭叫姑魚,"春子,油口/臭肚仔/金線加網(澎湖) ",99,18.4,0.3,2.3,78
J0411301,黑斑海緋鯉,"秋姑,鬚哥,黑點秋哥/外海秋哥(澎湖) ",97,18.8,0,1.8,55
J0411401,斑點雞籠鯧,"銅盤仔,鏡鯧,金鏡,定盤,咬破埔,金鐘(澎湖) ",97,21.9,0,0.4,71
J0411501,花身?,"花身仔,斑吾,雞仔魚,三抓仔,花身?,邦五/斑午/兵舅仔/斑龜仔(澎湖) ",157,19.5,0,8.2,60
J0411601,花尾唇指翁(翁加魚邊) ,"咬破布,三康,金花,萬年瘦,瘦仔/蝨鬢(澎湖)",116,19.8,0.6,3.4,71
J0411701,尼羅口孵非鯽(去皮),"南洋鯽仔,尼羅吳郭魚",113,20.4,0,2.9,62
J0411801,尼羅口孵非鯽(含皮),"南洋鯽仔,尼羅吳郭魚",125,19.4,0,4.7,42
J0411802,尼羅口孵非鯽(含皮)(2022年取樣),"南洋鯽仔,尼羅吳郭魚",122,20.4,3,3.9,62
J0411901,花身副麗魚,"珍珠石斑,淡水石斑,馬拉麗體魚",112,17.7,1.1,4.1,49
J0412001,紅色吳郭魚,"尼羅魚;台灣鯛,紅色尼羅魚,姬鯛,紅吳郭魚,濱鯛",108,18.3,1.3,3.3,68
J0412002,台灣鯛魚片(生),,110,18.2,2.5,3.6,46
J0412003,台灣鯛魚片(生)(2021年),,109,17.9,1.5,3.7,31
J0412101,台灣鯛魚片(水煮),,130,23.4,1.3,3.3,34
J0412102,台灣鯛魚片(油煎),,162,23.1,1.9,6.9,67
J0412103,"台灣鯛魚片(烤,190℃,10分鐘)",,111,19.7,1.8,3,48
J0412104,"台灣鯛魚片(烤,190℃,20分鐘)",,134,23,2.1,4,54
J0412105,"台灣鯛魚片(烤,230℃,10分鐘)",,127,21.3,1.5,4,50
J0412106,"台灣鯛魚片(烤,230℃,20分鐘)",,142,24.6,2.5,4.1,65
J0412107,台灣鯛魚片(清蒸),,112,19.3,2.2,3.3,59
J0412108,台灣鯛魚片(微波),,140,24.9,1.4,3.7,85
J0412201,台灣鯛魚湯(水煮),,5,0.9,0,0.2,13
J0412301,莫三比克口孵非鯽,"非洲仔,南洋鯽仔,在來吳郭魚,吳郭魚/鹹水吳郭(澎湖)  ",112,19.5,0,3.2,91
J0412401,薔薇項鰭魚(去皮),"薔薇連鰭唇魚,扁礫仔,紅姑娘仔,紅新娘,豎停仔,胭脂冷,角龍,平倍良,薔薇楔鯛,薔薇離鰭鯛,薔薇虹彩",96,17.3,0,2.4,138
J0412501,薔薇項鰭魚(含皮),"薔薇連鰭唇魚,扁礫仔,紅姑娘仔,紅新娘,豎停仔,胭脂冷,角龍,平倍良,薔薇楔鯛,薔薇離鰭鯛,薔薇虹彩",93,17.9,0,1.8,126
J0412601,藍豬齒魚,"石老,四齒仔,西齒,簾仔,寒鯛,鰱仔(澎湖)",81,18.5,0.2,0.2,65
J0412701,福氏鸚哥魚(去皮),"紅鸚哥,青鸚哥仔,青衣,青衫(雄),蠔魚(雌),紅海逮,紅咬齒,番仔魚(臺東)",84,19.6,0.2,0,86
J0412801,橫紋鸚哥魚(含皮),鸚哥,81,18.9,0,0,89
J0412901,藍點鸚哥魚,"鸚哥,黃衣魚,青衫(雄),紅蠔魚(雌),紅衫,蠔魚(雌)(澎湖) ",86,20.1,0.6,0.1,61
J0413001,金錢魚,"變身苦,遍身苦(澎湖),金鼓",196,19.3,0,12.6,70
J0413101,褐臭肚魚,"臭肚,象魚,樹魚,羊鍋,疏網,茄冬仔,象耳/臭肚仔/羊矮仔/盧矮仔(澎湖)",164,19.9,0.6,8.8,52
J0413201,杜氏刺尾鯛,"眼紋倒吊,粗皮仔,倒吊(臺東)",137,19.1,0.6,6.2,38
J0413301,後刺尾鯛,"倒吊,粗皮仔,番倒吊(澎湖),半水吊",102,20.4,0,1.7,94
J0413401,鋸尾鯛,"黑豬哥,黑將軍,打鐵婆,剝皮仔,老娘(澎湖) ",93,19,0.3,1.4,57
J0413501,大眼金梭魚,"針梭,竹梭,巴拉庫答",157,21.8,0,7.1,71
J0413601,鱗網帶鰆切片,"油魚,細鱗仔,玉梭魚,白玉豚",272,17.3,0,22,84
J0413701,鱗網帶鰆(含皮),"油魚,細鱗仔,玉梭魚,白玉豚",263,18,0,20.7,31
J0413801,白帶魚,"白魚,裙帶,肥帶,油帶,天竺帶魚,白帶魚,黃稜油帶(澎湖) ",102,19.6,0,2,54
J0413901,大目鮪,"大目仔,大眼鮪,大目串,短墩,串仔(澎湖),短鮪 ",103,23.9,0,0.1,41
J0414001,正鰹,"煙仔虎,煙仔,小串,柴魚,肥煙,鯤(臺東),煙仔魚,卓鮶/大煙(澎湖)",149,23.1,0,5.6,50
J0414101,花腹鯖,"花飛,青輝,飛威/青飛/胡麻鯖 ",138,23.9,0.1,4,36
J0414201,高麗馬加鰆,"破北,闊北,闊腹仔,高麗鰆,破腹 ",119,19.4,0.3,4,46
J0414301,康氏馬加鰆切片(去皮),"土魠,馬加,馬鮫,梭齒,頭魠,鰆,土托,康氏馬發,塗魠(澎湖)",193,18.7,0,12.5,52
J0414401,康氏馬加鰆切片(含皮),"土魠,馬加,馬鮫,梭齒,頭魠,鰆,土托,康氏馬發,塗魠(澎湖)",176,19.3,1.5,10.4,54
J0414501,臺灣馬加鰆,"白北,白腹仔",180,20.2,0,10.4,51
J0414601,鮪魚生魚片,,100,23.3,0,0.1,27
J0414701,鯖魚(生),,417,14.4,0.2,39.4,56
J0414801,鯖魚(炒),,410,16.7,0.1,37.6,68
J0414802,鯖魚(炸),,555,17.2,0.1,53.4,75
J0414803,"鯖魚(烤,150度,10分)",,412,16.5,0,37.8,58
J0414804,"鯖魚(烤,150度,20分)",,396,19.1,0,34.8,82
J0414805,"鯖魚(烤,150度,30分)",,536,19.9,0,50,79
J0414806,"鯖魚(烤,180度,10分)",,373,20.2,0,31.8,82
J0414807,"鯖魚(烤,210度,10分)",,472,19,0,43.4,74
J0414808,鯖魚(煮),,375,14.9,0.4,34.5,51
J0414809,鯖魚(煎),,403,20,0,35.9,86
J0414810,鯖魚(蒸),,392,14.6,0.7,36.5,52
J0414901,旗魚切片,"翹翅仔,白肉旗魚,闊胸仔,立翅旗魚,白皮丁挽,白皮旗魚",111,26,0.8,0,36
J0414902,旗魚腹肉,"翹翅仔,白肉旗魚,闊胸仔,立翅旗魚,白皮丁挽,白皮旗魚",105,22.2,0,1.1,131
J0415001,刺鯧(去皮),"肉魚,肉鯽仔,土肉,肉鯽,瓜仔鯧,刺鯧",95,18.8,0.1,1.6,162
J0415101,刺鯧(含皮),"肉魚,肉鯽仔,土肉,肉鯽,瓜仔鯧,刺鯧",155,17.8,0,8.7,179
J0415201,星斑真鯧,"(市售稱""花鯧"")",214,15.6,0,16.3,60
J04153,銀鯧平均值(去皮),"白(正/暗)鯧,白鯧魚,鯧仔魚,黑鰭,車片魚",115,17.7,0.2,4.4,248
J0415301,銀鯧(2月),"白鯧,正鯧,銀鯧,支子",123,17.9,0,5.1,93
J0415302,銀鯧(3月),"白鯧,正鯧,銀鯧,支子",120,17.6,0.7,5,65
J0415303,銀鯧(5月),"白鯧,正鯧,銀鯧,支子",105,16.4,0,3.9,345
J0415304,銀鯧(8月),"白鯧,正鯧,銀鯧,支子",101,17.7,1.6,2.9,647
J0415305,銀鯧(12月),"白鯧,正鯧,銀鯧,支子",126,19.1,0.2,5,93
J0415401,銀鯧(含皮),"白鯧,正鯧,銀鯧,支子",124,16.8,1.1,5.8,315
J0415501,斑鱧,"鮕?,雷魚,南鱧,臺灣雷魚,臺灣魚虎",119,18.3,0,4.5,54
J0415601,大口鰜切片(含皮),"咬龍狗,左口,扁魚,皇帝魚,比目魚,咬網狗/肉瞇仔(澎湖)",166,14.7,0,11.5,93
J0415701,鰈魚切片,大比目魚(扁鱈),201,13.2,0,16.1,80
J0415801,雙線鬚鰨,"牛舌,龍舌,扁魚,皇帝魚,比目魚",92,19.9,0.3,0.8,63
J0415901,單角革單棘魨(去皮),"白達仔,一角剝,薄葉剝,光復魚,剝皮魚,狄仔魚(興達),掃帚",79,17.2,0,0.6,181
J0416001,單角革單棘魨(含皮),"白達仔,一角剝,薄葉剝,光復魚,剝皮魚,狄仔魚(興達),掃帚",76,17.9,0,0,87
J0416101,克氏兔頭魨,"鯖河魨,煙仔規,黃魚規,烏魚規,青皮魚規,金紙規,規仔,金規(澎湖)",77,17.8,0,0.1,134
J0416201,翻車魨腹肉,"翻車魚,蜇魴,蜇魚,海蟲(澎湖),曼波(成功) ",47,10.2,0.7,0.4,52
J0416301,犬牙南極魚切片,"南極鱈,美露鱈,黑狗鱈,智利海鱸(圓鱈)",282,12.1,0,25.5,79
J0416401,低眼無齒芒魚片(芒加魚邊),,76,14.2,0,1.7,285
J0416501,秋刀魚,"竹刀魚,山瑪魚",277,18.8,4.1,21.8,55
J0416601,毛鱗魚,"喜相逢,多春魚,樺太柳葉魚（日文）",145,14.1,0.4,9.4,310
J0600101,圓鱈魚鰓肉,,84,14.5,3.9,2.5,225
J0600201,鯛魚下巴,鯛魚喉,245,16.1,0,19.6,38
J0600301,鯊魚翅,魚翅,186,43.5,0,0,7
J0600401,魚翅唇,,47,9.9,0,0.6,35
J0600501,翻車魨魚皮,"曼波魚皮,翻車魚皮",28,6.5,0,0,205
J0600601,鯊魚皮,,54,12.4,0,0.2,47
J0600701,魚漿(旗魚),,110,16.8,7.8,1.3,755
J0700301,鮸魚卵(加工),,184,21.9,3.6,10.1,150
J0700401,鯔魚卵,烏魚卵,256,26.3,3.2,15.9,73
J0700601,鰆魚卵,土魠魚卵,193,23.5,0.2,10.2,89
J0700701,鰹魚卵,,184,21.5,0.6,10.2,129
J0702101,鯔魚精囊,鯔(烏)魚鰾(膘),89,17.3,0,1.7,61
J0705101,??魚肝,,136,13.6,1.9,8.6,188
J0707101,旗魚肚,,99,22.5,2.9,0.4,292
J0707201,鮪魚肚,,106,23.4,0,0.7,35
J0800101,小魚干,,335,69.2,0,4.4,1753
J0800201,扁魚干,,354,66.3,1.1,7.9,406
J0800401,柴魚片,,383,76.5,2.6,6.2,433
J2100101,羅氏沼蝦,"泰國蝦,泰國長臂大蝦,淡水長臂大蝦",88,20.3,0.2,0.2,104
J2100201,北方長額蝦(加工),"北極蝦,北極甜蝦,冷水蝦",122,19.9,2.7,4.1,562
J2100301,東方異腕蝦,"米諾蝦,鐵甲蝦,蝦母,大頭蝦",78,17.7,0,0.3,457
J2100401,胭脂蝦,"文蝦(""葉狀擬鬚蝦或雄壯鬚蝦"")",114,13.8,0.7,6.1,462
J2100501,日本玻璃蝦,"水晶蝦,白丁",83,16.2,2,1.5,566
J2100601,相模後海螯蝦,"相模角蝦,小龍蝦,鐵甲蝦,角蝦,蝦猴",79,17.9,0,0.3,317
J2100701,中國對蝦,對蝦;明蝦;大蝦;黃蝦;青蝦;大正蝦,84,19.3,1,0.2,196
J21008,日本對蝦平均值,"斑節蝦,雷公蝦,明蝦,九節蝦",97,21.3,0.4,0.7,287
J2100801,日本對蝦(大),"斑節蝦,雷公蝦,明蝦,九節蝦",97,21.6,0,0.5,255
J2100802,日本對蝦(小),"斑節蝦,雷公蝦,明蝦,九節蝦",96,20.9,1.8,0.8,319
J21009,白對蝦平均值,"南美白蝦,美洲白蝦,南美白對蝦,白蝦",99,21.3,0,0.9,210
J2100901,白對蝦(大),"南美白蝦,美洲白蝦,南美白對蝦,白蝦",109,22.3,0,1.5,306
J2100902,白對蝦(小),"南美白蝦,美洲白蝦,南美白對蝦,白蝦",96,21.4,0,0.5,178
J2100903,白對蝦(小)(2022年取樣),"南美白蝦,美洲白蝦,南美白對蝦,白蝦",93,20.3,1.3,0.7,145
J2101001,哈氏彷對蝦,"長角仿對蝦,劍蝦,紅(正)劍,硬槍蝦",82,18.7,0.6,0.2,294
J2101101,草對蝦,草蝦;烏斑節仔,100,22,1,0.7,150
J2101201,藍對蝦,藍蝦,95,20.9,0,0.6,135
J2101301,鬚赤蝦,"鬚赤對蝦,厚殼蝦(仔),火燒蝦,狗蝦,大厚殼",92,20.7,0.6,0.4,341
J2101401,大管鞭蝦,"憂鬱管鞭蝦,大頭紅蝦,大頭蝦,紅中蝦,蔥頭蝦",88,19.8,0.6,0.3,270
J2101501,隆脊管鞭蝦,"大頭紅蝦,大頭蝦,紅蝦,蔥頭蝦",96,22.1,0.6,0.2,207
J2101601,螳螂蝦,"蝦蛄,蝦猴,蝦姑仔,?尿蝦(常誤寫為瀨或賴)",67,14.7,0,0.5,344
J2101701,日本龍蝦,龍蝦;台灣龍蝦;紅腳蝦;紅殼仔;正龍蝦;紅龍蝦,93,21.5,1,0.1,234
J2101801,正櫻蝦(生),"櫻花蝦,花殼仔,櫻桃蝦,玫瑰蝦,火焰蝦 ",88,17.9,0,1.3,386
J2101901,正櫻蝦(熟),"櫻花蝦,花殼仔,櫻桃蝦,玫瑰蝦,火焰蝦 ",97,19.6,0,1.4,504
J2102001,正櫻蝦乾,"櫻花蝦,花殼仔,櫻桃蝦,玫瑰蝦,火焰蝦 ",253,52.6,13.4,3.1,1345
J2200101,大頭蝦仁,,40,8.8,0,0.2,765
J2200201,明蝦仁,,52,11.9,0,0.1,252
J2200301,紅蝦仁,,43,9.5,1.5,0.3,596
J2200401,海鱸蝦仁,,73,16.3,1.3,0.4,225
J2200501,草蝦仁,,44,9.7,0.9,0.3,431
J2200601,鳳尾蝦仁,,64,13.4,0.3,0.8,357
J2200701,鬚赤蝦仁,火燒蝦仁,80,17.1,0,0.7,279
J2300101,蝦皮,,155,33.6,2.7,1.3,4273
J2300201,蝦米,,264,57.1,0,2.2,3186
J2300301,金鉤蝦乾,"海米,扁米,開洋",257,54.6,0,2.6,2553
J2500101,紅蟳,"青蟳(蟹)(交配後卵巢成熟雌蟹),菜蟳",122,20.9,6.5,3.6,309
J2500201,蛙形蟹,"旭蟹,蝦姑頭,候貝切,紅面猴,海臭蟲,西姑麻",72,16.6,2.8,0.1,343
J2600101,蟹腳肉,,53,11.6,1.2,0.3,591
J3100101,竹蟶(冷凍),"竹蛤,竹蚶,蟶仔,竹節蟶",42,9,1.2,0.3,499
J31002,真牡蠣平均值,"正(大/長/鑄大)牡蠣,正(青)蚵,蚵仔,蚵,蠔",54,9.4,4.2,1.6,148
J3100201,真牡蠣,"正(大/長/鑄大)牡蠣,正(青)蚵,蚵仔,蚵,蠔",49,9,1.8,1.2,194
J3100202,帶殼真牡蠣(生蠔),"正(大/長/鑄大)牡蠣,正(青)蚵,蚵仔,蚵,蠔",59,9.8,6.7,1.9,103
J3100301,黑齒牡蠣,石蚵,55,9.7,3.1,1.5,749
J3100401,蝦夷海扇蛤,"扇貝,立帆蛤,帆立貝",70,13.7,2.3,1.2,283
J3100501,綠殼菜蛤,"孔雀蛤,淡菜,翡翠貽貝",96,17.8,2.6,2.2,301
J3100601,綠殼菜蛤干,"孔雀蛤干,淡菜干,翡翠貽貝干",263,43.7,23.9,8.5,865
J3100701,西施舌,"紫貝,西肚舌,西刀舌(蚶),紫晃肉,雙線血蚶,獅刀舌,西施貝",53,8.9,5.4,1.6,36
J3100801,台灣蜆,"蜆(蜊/拉)仔,河蜆",51,8.9,9.8,1.4,20
J3100901,大文蛤,"文蛤,普通文蛤",21,4.4,1.5,0.2,774
J3101001,文蛤,"粉蟯,蚶仔,麗文蛤,普通文蛤",37,7.6,2.7,0.5,446
J3101101,波紋橫簾蛤 ,"波紋巴非蛤,山瓜仔(子),海瓜仔(子)",48,9.2,4.6,1,377
J3101201,菲律賓簾蛤,"菲律賓蛤仔,海瓜子(仔)蛤,花蛤",37,7.5,4.1,0.5,442
J3101301,環文蛤,"赤嘴蛤,赤嘴仔,青蛤,海蜆,公代",46,8.7,3.7,1,760
J3200101,干貝(冷凍),"元貝,瑤柱",57,12.7,1.7,0.4,949
J32002,干貝(乾)平均值,,242,53.7,10.8,1.4,2751
J3200201,干貝(乾),"元貝,瑤柱",256,58.5,15.5,0.7,2424
J3200202,珠貝(乾),珍珠干貝,228,48.9,6.1,2.2,3078
J3300101,牡蠣干,蚵干,243,41,26.2,7.5,1316
J35001,真烏賊平均值,"花枝,墨魚,金烏賊,烏?,墨鬥魚",57,12.2,3.7,0.6,68
J3500101,真烏賊(大),"花枝,墨魚,金烏賊,烏?,墨鬥魚",61,13.9,0.8,0.3,106
J3500102,真烏賊(小),"花枝,墨魚,金烏賊,烏?,墨鬥魚",53,10.5,6.6,0.9,30
J3500201,章魚,"厚嘴仔,石居,八爪魚,坐蛸,石吸,望潮,死牛",61,13,0.9,0.6,230
J3500301,阿根廷魷,阿根廷滑柔魚,71,12.4,0.4,2,57
J3500401,泡魷魚,,50,11.3,3,0.2,239
J3500501,台灣鎖管,"鎖管,小卷?",72,16,1.6,0.4,249
J3500601,尖鎖管 ,"尖仔鎖管,詩博加槍烏賊,尖仔,小卷(幼體)",100,20.2,2.4,1.5,211
J3500701,軟翅仔,"萊氏擬烏賊,軟翅鎖管,軟翅(薯/絲),泥障?,擬烏賊,柔魚",70,14.7,0.8,0.8,400
J3500801,香螺 ,"小天狗剌螺,雪螺",86,19.9,0,0.1,166
J3500901,象牙鳳螺,"鳳(花/風/皇)螺,象牙螺",78,16.9,3.6,0.7,372
J3501001,泥螺,黃泥螺,95,21.5,0.3,0.3,166
J3501101,雪螺,,40,8.9,0,0.3,58
J3501201,九孔螺,九孔;雜色鮑;石決明 ,73,15,5.8,1,327
J3501301,鮑魚,鰒魚;石決明;石決明貝,69,15.8,9.5,0.1,199
J3501501,蝸牛肉,,78,16.7,0,0.7,72
J3600101,烏賊精囊,"烏賊鰾(膘),花枝鰾(膘)",43,9.8,6.4,0.2,428
J3700101,小卷干,鎖管干(乾),246,53.2,4.7,2.1,1378
J4100101,白海參,"海蚯蚓,沙糞",32,7.4,0,0.1,51
J4100201,仿刺參,刺參,36,8.2,0.8,0.1,53
J4100301,南美刺參,,52,12,0,0,86
J4100401,紅海參,,33,7.5,0,0.1,87
J4100501,黑烏參,,29,6.5,0,0.1,64
J5100101,海蜇皮,"?魚,海蛇,紅(面)蜇,鮓魚",19,4.4,2.2,0,8127
K01001,雞蛋平均值,,135,12.7,1.6,8.9,138
K0100101,雞蛋(白殼),,139,12.9,1.3,9.2,129
K0100102,雞蛋(黃殼),,132,12.5,2,8.6,147
K0100201,土雞蛋,,129,12.9,1.7,8.1,140
K0100202,土雞蛋(2022年取樣),,137,12.2,1.8,9.3,152
K0100301,烏骨雞蛋,,160,12.7,2.4,11.6,120
K0100401,雞蛋(高DHA),,132,12.5,1.8,8.6,141
K0100501,雞蛋(高次亞麻油酸),,139,12.4,2.8,9.4,137
K0100601,雞蛋(高亞麻油酸),,133,13,0.8,8.4,161
K0100701,初卵雞蛋,,136,12.3,1.4,9.2,115
K0100801,雞蛋(高維生素A&E),,134,12.1,0,9,151
K0100901,雞蛋(高維生素E),,143,12.8,1.4,9.7,139
K01061,雞蛋白平均值,,50,11.2,0.5,0.1,183
K0106101,雞蛋白(白殼),,48,10.7,0,0.1,154
K0106102,雞蛋白(黃殼),,52,11.6,1.2,0.2,213
K0106201,烏骨雞蛋白,,47,10.6,1.7,0,184
K01081,雞蛋黃平均值,,308,15.2,3.6,26.8,56
K0108101,雞蛋黃(白殼),,330,16,1.6,28.9,52
K0108102,雞蛋黃(黃殼),,286,14.5,5.6,24.7,60
K0108201,烏骨雞蛋黃,,344,15.5,1.4,30.6,50
K0108301,雞蛋黃(高維生素E),,314,16.2,5.4,27,57
K0110101,溫泉蛋,,137,12.9,3.8,7.8,494
K0111101,雞水煮蛋,,144,14,1.7,9.2,124
K0111601,雞水煮蛋白,,61,13.6,1.5,0.2,170
K0111801,雞水煮蛋黃,,343,15.5,2.9,30.5,50
K01121,茶葉蛋平均值,,145,13.7,2.2,9.1,444
K0112101,茶葉蛋(市售),,147,13.5,3.5,8.7,430
K0112102,茶葉蛋(浸泡隔夜),,143,13.8,0.9,9.4,458
K0112601,茶葉蛋白(浸泡隔夜),,54,12.9,0.4,0.1,555
K0112801,茶葉蛋黃(浸泡隔夜),,344,15.7,2.2,30.3,239
K01131,雞皮蛋平均值,,134,12.5,3,8.1,599
K0113101,雞皮蛋,,142,12.8,3.6,8.5,616
K0113201,土雞皮蛋,,127,12.2,2.3,7.6,583
K01201,滷蛋平均值,,184,16.4,4.6,11.1,1156
K0120101,雞滷蛋(市售),,191,15.7,6.4,11.4,583
K0120102,雞滷蛋(現煮),,178,16.6,3.1,11.1,1278
K0120103,雞滷蛋(浸泡隔夜),,182,16.9,4.4,10.8,1607
K01206,滷蛋白平均值,,87,16.7,4.6,0.2,1794
K0120601,雞滷蛋白(現煮),,84,16.6,3.9,0.2,1623
K0120602,雞滷蛋白(浸泡隔夜),,89,16.7,5.2,0.2,1966
K01208,滷蛋黃平均值,,379,17,1.9,33.7,697
K0120801,雞滷蛋黃(現煮),,376,16.6,1.3,33.8,563
K0120802,雞滷蛋黃(浸泡隔夜),,382,17.4,2.6,33.6,832
K0121101,雞鐵蛋,,288,26.6,5.9,17.5,766
K0122101,雞水波蛋,(不帶殼水煮蛋),147,11.6,0.8,10.7,92
K0123101,荷包蛋(不加油),,162,14,1.4,11.2,151
K0123201,荷包蛋(加油1小匙),,192,13,1.6,14.9,140
K0150101,煎蛋(不加油),,161,13.5,4.9,11.3,145
K0150201,炒蛋(加油3大匙),,215,12.9,4.6,16.1,126
K01503,蒸蛋平均值,,64,5.3,2.2,4.6,151
K0150301,蒸蛋(市售),芙蓉豆腐,32,3.6,3.4,1.8,327
K0150302,蒸蛋(微波爐),,82,6.4,1.8,6,65
K0150303,蒸蛋(電鍋),,80,5.8,1.3,6,62
K0200101,鴨蛋,,187,13.1,0.2,14.4,149
K0200201,紅面番鴨蛋,,198,13.1,0,15.6,129
K0206101,鴨蛋白,,47,10.8,1.4,0,163
K0208101,鴨蛋黃,,347,15.8,2,30.8,50
K0213101,鴨皮蛋,,164,12.8,2.7,11.4,590
K02141,鴨鹹蛋平均值,,185,13.3,1.1,14.1,1672
K0214101,鴨生鹹蛋,,178,12.5,0,14.7,1681
K0214102,鴨熟鹹蛋,,183,13.7,0.8,13.8,2068
K0214103,鴨熟鹹蛋(薄鹽),,194,13.7,3.5,13.8,1267
K0214801,鴨鹹蛋黃,,528,23.6,1.3,47.6,397
K0300101,鵪鶉蛋,鳥蛋,172,12.7,1.2,13,142
K0311101,鵪鶉水煮蛋,鳥蛋,163,12.3,0,12.1,89
K0313101,鵪鶉皮蛋,鳥蛋,160,13.8,1.8,10.9,791
K0314101,鵪鶉鹹蛋,鳥蛋,173,13.7,1.9,12.3,1810
K0320101,鵪鶉滷蛋,鳥蛋,238,16.2,11.1,14.3,315
K0321101,鵪鶉鐵蛋,鳥蛋,439,28.8,20.4,26.9,194
K0400101,鴿蛋,鳥蛋,96,10.2,2.5,5.7,143
K0500102,鵝蛋,,179,10,3.2,15,134
L0100101,高脂鮮乳,"牛乳,牛奶",73,3.2,6.1,4,39
L01021,全脂鮮乳平均值,"牛乳,牛奶",63,3.1,4.8,3.6,37
L0102101,全脂鮮乳(1月取樣),"牛乳,牛奶",62,2.9,4.7,3.6,40
L0102102,全脂鮮乳(4月取樣),"牛乳,牛奶",62,2.9,4.6,3.6,35
L0102103,全脂鮮乳(6月取樣),"牛乳,牛奶",63,3.2,4.6,3.6,36
L0102104,全脂鮮乳(9月取樣),"牛乳,牛奶",64,2.8,5.3,3.6,33
L0102105,全脂鮮乳(10月取樣),"牛乳,牛奶",64,3,4.8,3.7,36
L0102106,全脂鮮乳(11月取樣),"牛乳,牛奶",62,3.1,4.6,3.5,47
L0102107,全脂鮮乳(12月取樣),"牛乳,牛奶",64,3.2,5.2,3.4,42
L0102108,全脂鮮乳(7月取樣),"牛乳,牛奶",65,3.7,4.2,3.7,32
L0104101,中脂鮮乳,"牛乳,牛奶",48,3.1,4.8,1.9,46
L0106101,低脂鮮乳,"牛乳,牛奶",43,3.3,5,1.1,28
L0110101,高脂強化鮮乳(鈣強化),"牛乳,牛奶",68,3.2,5.2,3.9,36
L0110201,高脂強化鮮乳(寡醣強化),"牛乳,牛奶",69,3.2,5.1,4.1,44
L0114101,中脂強化鮮乳(脂肪酸調整),"牛乳,牛奶",59,2,8.6,2,37
L0116101,低脂強化鮮乳(維生素E強化),"牛乳,牛奶",41,3,4.2,1.3,43
L0116201,低脂強化鮮乳(寡醣強化),"牛乳,牛奶",46,3.1,5.5,1.3,33
L0118101,脫脂強化鮮乳(鈣強化),"牛乳,牛奶",42,3.5,6.3,0.3,49
L0118201,脫脂強化鮮乳(寡醣強化),"牛乳,牛奶",36,3.1,5.2,0.4,33
L0118301,脫脂強化鮮乳(鐵強化),"牛乳,牛奶",41,4.2,5.6,0.2,59
L0124101,中脂調味乳(巧克力),"牛乳,牛奶",63,1.9,9.2,2,30
L0124201,中脂調味乳(多穀類),"牛乳,牛奶",67,2.4,7.6,3.1,45
L0124301,中脂調味乳(果汁),"牛乳,牛奶",54,1.6,8.4,1.6,39
L0124401,中脂調味乳(鈣強化),"牛乳,牛奶",68,2.3,8.9,2.6,63
L0124501,中脂調味乳(維生素強化),"牛乳,牛奶",60,2,8.6,1.9,30
L0124601,中脂調味乳(纖維&維生素E強化),"牛乳,牛奶",66,2.4,9.3,2.1,50
L0126101,低脂調味乳(木瓜),"牛乳,牛奶",61,1.8,10.5,1.3,58
L0130101,高脂保久乳,"牛乳,牛奶",71,3.1,3.4,5.1,32
L0132101,全脂保久乳,"牛乳,牛奶",62,3,5.1,3.4,55
L0134101,中脂保久乳,"牛乳,牛奶",48,3.2,4.8,1.8,52
L0146101,低脂強化保久乳(寡糖強化),"牛乳,牛奶",46,3.2,6,1,33
L0154101,中脂調味保久乳(巧克力),"牛乳,牛奶",60,1.9,9.3,1.7,34
L0154201,中脂調味保久乳(布丁),"牛乳,牛奶",61,1.6,9.8,1.7,51
L0200101,全脂奶粉,乳粉,504,26.4,37,28.2,337
L0204101,部份脫脂奶粉,乳粉,420,32.8,46.1,11.6,352
L0204201,部份脫脂奶粉(即溶),乳粉,445,23.7,51.6,16.4,303
L0204301,部份脫脂低乳糖奶粉,乳粉,416,34.6,45.6,10.4,401
L0207101,脫脂奶粉,乳粉,361,36.2,51.2,0.9,338
L0207201,脫脂奶粉(即溶),乳粉,360,38,48.8,1,435
L0211101,全脂強化奶粉(纖維強化),乳粉,500,25.6,39.5,27,313
L0214101,部份脫脂強化奶粉(鈣強化),乳粉,408,25,51,11.8,331
L0214201,部份脫脂強化奶粉(纖維&DHA強化),乳粉,476,23.2,47.3,22.1,276
L0214301,部份脫脂強化奶粉(纖維&鈣強化),乳粉,375,35.9,48.9,3.7,412
L0214401,部份脫脂強化奶粉(脂肪酸調整),乳粉,481,22.7,45.9,23.5,284
L0217101,脫脂強化奶粉(抗氧化),乳粉,366,32.3,56.6,1,496
L0217201,脫脂強化奶粉(鈣&維生素A強化),乳粉,360,38,48.8,1,387
L0217301,"脫脂強化奶粉(鈣&維生素C,E強化)",乳粉,360,32.8,55.4,0.7,417
L0217401,脫脂強化奶粉(鈣&鐵強化),乳粉,360,35.6,52.3,0.7,416
L0224101,部份脫脂調味奶粉(巧克力),乳粉,406,14.1,71.9,6.9,139
L0224201,部份脫脂調味奶粉(果汁),乳粉,435,19.8,61.4,12.3,208
L0308101,脫脂稀釋發酵乳,活菌乳酸飲料,68,1.1,15.8,0.1,21
L0308201,脫脂稀釋發酵乳(鈣強化),活菌乳酸飲料,72,1,16.9,0.1,20
L0312101,全脂濃稠發酵乳,優酪乳,90,4.1,11.3,3.2,52
L0314101,中脂濃稠發酵乳,優酪乳,82,2.9,12.6,2.3,38
L0314201,中脂濃稠發酵乳(無糖&纖維強化),優酪乳,74,3.2,10.4,2.2,37
L0314301,中脂濃稠發酵乳(草莓),優酪乳,89,3.1,13,2.7,46
L0316101,低脂濃稠發酵乳,優酪乳,73,2.3,13.6,1.1,30
L0318101,脫脂濃稠發酵乳,優酪乳,64,3,12.1,0.4,26
L0318201,脫脂濃稠發酵乳(低熱量),優酪乳,37,2,6.9,0.1,31
L0318301,脫脂濃稠發酵乳(草莓),優酪乳,68,2.3,13.8,0.4,49
L0318401,脫脂濃稠發酵乳(啤酒酵母),優酪乳,34,2.1,6.4,0.1,28
L0320101,高脂凝態發酵乳(纖維強化),優格,95,3.2,11.9,3.8,42
L0322101,全脂凝態發酵乳,優格,97,3.1,13.6,3.3,69
L0324101,中脂凝態發酵乳(草莓),優格,102,3.7,15.7,2.7,58
L0324201,中脂凝態發酵乳(蘆薈),優格,90,1.7,15.1,2.5,38
L0328101,脫脂凝態發酵乳(纖維強化),優格,84,4.1,15.9,0.5,51
L0338101,脫脂保久稀釋發酵乳,乳酸飲料,46,0.1,11,0.1,28
L0348101,脫脂保久濃稠發酵乳(草莓&蘋果),保久優酪乳,68,3,13.6,0.2,57
L0400101,淡煉乳,"蒸發乳,奶水",137,6.5,9.1,8.3,187
L0400201,加糖部份脫脂煉乳,,325,7.5,56.2,7.8,88
L0500101,切片乾酪,"起司,芝士(市售亦稱""乳酪"")",309,18.3,5.9,23.7,1594
L0500201,切片乾酪(低脂),"起司,芝士(市售亦稱""乳酪"")",241,21.7,8.8,13,1598
L0500301,刨絲乾酪,"起司,芝士(市售亦稱""乳酪"")",323,25.1,4.4,22.6,548
L0500401,乾酪粉,"起司粉,芝士粉(市售亦稱""乳酪粉"")",480,40.4,3.1,34,1543
L1000101,鮮奶可可,"巧克力牛奶,阿華田拿鐵",80,2.1,11.6,2.7,38
L1000201,木瓜牛奶,,42,1.7,7.7,0.6,9
L1100101,高脂鮮羊乳,羊奶,65,3.4,4.2,4,37
L1104101,中脂鮮羊乳,羊奶,48,2.7,3.9,2.4,34
L1132101,保久羊乳,羊奶,59,3,4.5,3.3,46
L1154101,中脂調味保久羊乳(巧克力),羊奶,59,1.1,10.3,1.5,29
L1154201,中脂調味保久羊乳(果汁),羊奶,75,2.9,9.5,2.8,41
L1200101,全脂羊奶粉,羊乳粉,510,26.7,34.8,29.8,232
L1200201,全脂羊奶粉(即溶),羊乳粉,517,25.9,35.1,30.8,225
M0100101,牛油(未精煉),,642,0,4.2,71.9,
M0100201,牛油(精煉),,885,0,0.6,99.1,3
M0200101,豬油,,890,0,0,99.7,
M0200102,豬油(2022年取樣),,892,0,0,99.9,1
M0200201,高油酸豬油,,893,0,0,100,
M0300101,雞油,,891,0,0,99.8,
M0900101,"奶油(固態,不加鹽)","動物性奶油(CNS命名""乳酪"")",733,0.6,0.9,82.7,6
M0900201,"奶油(固態,加鹽)","動物性奶油(CNS命名""乳酪"")",699,0.7,3.7,77.5,624
M0900301,奶油(液態),"動物性奶油,鮮奶油(CNS命名""乳油"")",340,2,0,39.1,24
M1000101,人造奶油(維生素強化),植物性奶油,725,0.1,0,82,804
M1000102,人造奶油(2021年取樣),乳瑪琳,722,0.1,1.7,81.7,553
M1000201,中脂人造奶油,植物性奶油,674,0,1.3,76.2,883
M1000301,人造奶油(低熱量),,94,2.5,29.6,10.6,476
M1100101,大豆油,"黃豆油,沙拉油",884,0,0,100,
M1100201,大豆油(卵磷脂強化),,880,0,0,99.6,
M1100301,大豆油(多種維生素強化),沙拉油,883,0,0,99.9,
M1200101,玉米油,"粟米油,玉米胚芽油",883,0,0.1,99.8,
M1300101,米油(秈米),"米糠油,玄米油,胚芽米油",883,0.1,0,99.9,
M1300201,米油(粳米),"米糠油,玄米油,胚芽米油",883,0,0,99.9,
M1400101,亞麻仁油,,820,0.2,6.9,92.8,
M1500101,白芝麻油,,884,0.1,0,100,
M1500201,黑芝麻油,,881,0.1,0.2,99.7,
M1550101,調合芝麻油,,884,0.1,0,100,
M1600101,花生油,,883,0,0,99.9,
M1650101,調合花生油,,884,0,0,100,
M1700101,油菜籽油,,883,0,0,99.9,
M1800101,芥花油,"芥花籽油,菜籽油",883,0,0,99.9,2
M1900101,南瓜籽油,,883,0,0,99.9,
M2000101,紅花籽油,,884,0,0,100,
M2000201,高油酸紅花籽油,,880,0,0.4,99.6,
M2100101,核桃油,,883,0,0,99.9,
M2200101,油茶油,"苦茶(籽)油,山茶油,天綠果油,大果種油茶油",883,0,0,99.9,1
M2200201,熟油茶油,"苦茶(籽)油,山茶油,天綠果油,大果種油茶油",883,0,0,99.9,
M2300101,高油酸棕櫚油,,883,0,0,99.9,
M2400101,椰子油,,883,0,0,99.9,
M2500101,葵花籽油,,884,0,0,100,
M2500201,葵花籽油(多種維生素強化),,883,0,0,99.9,
M2500301,高油酸葵花籽油,,883,0,0,99.9,
M2600101,葡萄籽油,,884,0,0,100,
M2700101,橄欖油,,884,0,0,100,
M9900101,烤酥油,,883,0,0,99.9,
M9900201,調合植物油,蔬菜油,887,0,0,100.3,
M9900301,中鏈脂肪酸油,,883,0,0,99.9,
N0100101,方糖,,385,,99.6,,2
N0100201,冰糖,,387,,99.9,,1
N0100301,紅砂糖,紅糖,384,0,99.3,0.5,1
N0100401,黑砂糖,黑糖,369,0.5,95.3,0.7,10
N0200101,麥芽糖,,325,,84.1,,0
N0300101,果糖,高果糖糖漿,297,,76.9,,0
N0400101,果寡糖,,300,,77.5,,0
N0600101,楓糖,,258,0.1,66.6,0.1,1
N0700101,蜂蜜(冬蜜),,315,0.1,81.5,0.1,
N0700201,蜂蜜(春蜜),,308,0.2,79.6,0.2,
N0800101,黑糖蜜,,280,0.2,72.4,0,2
N0900101,冬瓜糖磚,,360,,93.1,,18
O0100101,西瓜汁(非原汁),,30,1.1,6.1,0.1,1
O0100201,芭樂汁(非原汁),,45,0.2,11,0.1,24
O0100301,柳橙汁(非原汁),,50,0.1,12.3,0.1,22
O0100401,柳橙汁(100%),,48,0.6,10.7,0.3,8
O0100501,烏梅汁,,58,0.3,13.8,0.2,10
O0100601,黑棗茶,,46,0,11.6,,3
O0100701,楊桃汁(非原汁),,49,0,12,0.1,149
O0100801,葡萄柚汁(非原汁),,41,0.2,9.7,0.2,24
O0100901,鳳梨汁(非原汁),,48,0.3,11.3,0.2,33
O0101001,蔓越莓汁(非原汁),,45,0.9,10,0.1,9
O0101101,檸檬汁(非原汁),,33,0.8,7.1,0.1,1
O0101201,蘋果汁(非原汁),,47,0.1,10.9,0.4,14
O0101301,蘋果汁(100%),,51,0.1,12.2,0.2,1
O0200101,蕃茄汁(非原汁),,22,0.7,4.4,0.2,98
O0200201,仙草蜜,,35,0,8.8,0,48
O0200301,薑母茶,,28,,7,,26
O0200401,蘆薈露飲料,,44,0,10.9,,8
O0200501,黑豆茶,,13,,3.2,,3
O0200601,龜苓茶,,33,0,8.3,0,18
O0200701,麥茶,,18,,4.4,,18
O0200801,黑麥汁,,52,0.3,12.6,0,6
O0400101,果汁醋飲料(綜合),,37,,9.3,,42
O0600101,可樂,,51,,12.8,,7
O0600201,可樂(低熱量),,1,,0.3,,10
O0600301,沙士,,37,,9.2,,5
O0600401,加鹽沙士,,41,0.8,9.4,0,17
O0600501,沙士(低糖),,43,0,10.9,0,
O0600601,汽水(綜合口味),,42,,10.6,,8
O0600701,汽水(維生素強化),,46,,11.5,,10
O0700101,美式咖啡(無糖),,2,0.2,0.3,0.1,2
O0700201,無糖咖啡飲料,,4,0.2,0.5,0.1,16
O0700301,拿鐵咖啡(無糖),咖啡牛奶,43,3,3.4,2,28
O0700401,咖啡(三合一),咖啡牛奶,39,0.9,8.2,0.4,25
O0700501,紅茶茶湯,,0,0.1,0,,
O0700601,紅茶(大麥),,34,0,8.6,,8
O0700701,紅茶(蘋果),水果茶,37,0,9.2,,5
O0700801,烏龍茶茶湯,,0,0,0,,
O0700901,烏龍茶,,0,0.1,0.1,,7
O0701001,"烏龍茶(去冰,微糖)",,16,0.1,3.8,0,
O0701101,"烏龍茶(去冰,半糖)",,21,0.1,5.2,0,
O0701201,"烏龍茶(去冰,全糖)",,36,0.1,8.8,0,
O0701301,綠茶茶湯,,0,0.1,0,,
O0701401,綠茶,,22,0,5.4,,9
O0701501,鮮奶茶(無糖),紅茶拿鐵,27,2,1.4,1.4,12
O0701601,奶茶(三合一),,42,0.5,9.5,0.3,18
O0701701,"烏龍奶茶(去冰,微糖)",,59,0.2,8.1,2.9,
O0701801,"烏龍奶茶(去冰,半糖)",,62,0.2,9.6,2.6,
O0701901,"烏龍奶茶(去冰,全糖)",,75,0.2,12.3,2.8,
O0702001,"珍珠奶茶(去冰,微糖)",,75,0.2,13.5,2.3,
O0702101,"珍珠奶茶(去冰,半糖)",,84,0.2,14.5,2.7,
O0702201,"珍珠奶茶(去冰,全糖)",,94,0.2,17.9,2.4,
O0702301,奶茶沖泡包(三合一),,452,1.7,82.3,12.9,245
O0702401,茉莉花茶湯,香片,0,0.1,0,,
O0702501,茉莉花茶,,28,0.1,7.1,,19
O0702601,菊花茶,,30,0,7.4,,17
O0702701,多多綠茶(全糖),,49,1.1,11,0.1,10
O0702801,冬瓜茶,,33,0,8.3,,16
O0702901,乳酸飲料,,45,0.2,11,0,20
O0703001,維生素強化飲料(胡蘿蔔素),,39,0,9.9,,8
O0703101,維生素強化飲料(綜合),,54,0.2,13.4,,38
O0703201,維生素強化飲料(維生素C),,57,,14.3,,2
O0703301,運動飲料,,28,0.1,7,,41
O0703401,米醋飲料,,52,,13,,63
O0900101,即溶咖啡粉,,363,16.6,71.2,1.3,86
O0900201,咖啡沖泡包(二合一),,491,6.8,63.6,23.3,100
O0900301,咖啡沖泡包(三合一),,437,4.8,83,9.5,43
O0900401,紅茶沖泡包(檸檬),,398,,99.5,,6
O0901501,薑茶沖泡包,,399,0.3,98.7,0.3,14
O0901601,抹茶粉,綠茶粉,361,23.4,63,6.4,4
O0901701,可可粉,,464,20.8,43.8,22.8,26
O0901801,小麥草粉,小麥苗粉,370,34,41.9,7.4,8
O9900301,椰奶,,49,0.2,7.4,2.1,19
P0100101,八角,"大茴,茴香",360,4.9,76.2,3.9,19
P0100201,小茴香粉,孜然粉,411,19.5,37,25.8,241
P0100301,山葵粉,,387,10.1,72.9,6.1,13
P0100401,五香粉,,363,8.7,68.1,8.9,98
P0100501,甘草粉,,341,9.2,73.4,3.6,109
P0100601,肉桂粉,,343,4.2,78.8,2.9,10
P0100701,西洋芹菜片,,315,24.4,49.9,6.8,91
P0100801,花椒粉,,369,10,63.2,9.2,565
P0100901,洋香菜片,,312,24.4,47.7,7.5,28
P0101001,洋蔥粉,,377,8.1,82.1,1.8,34
P0101101,白胡椒粉,,342,3.7,78.8,1.1,120
P0101201,紅胡椒粒,,376,5.9,59.3,13.7,81
P0101301,黑胡椒粉,,372,11.6,67.7,6.7,7
P0101401,綠胡椒粒,,379,11.3,68.4,7.3,1179
P0101501,迷迭香粉,,432,5.9,59.8,21.9,5
P0101601,荳蔻粉,,448,6.7,50.6,26.2,15
P0101701,蒜粉,,332,18.1,71.9,0.4,74
P0101801,辣椒粉,,387,14.7,59.1,14.1,12
P0101901,薑黃粉,,358,14.6,69,2.7,5
P0102001,薑粉,,333,10.4,70.5,3.6,2849
P0102101,羅勒片,,289,23.3,46.1,5.8,26
P0102201,花椒粒,,359,10.3,53.6,12.5,2780
P0200101,七味唐辛子,,463,15.8,45.8,24.1,39
P0200201,沙茶粉,,507,15,47,28.8,2143
P0200301,豆酥,,540,30.1,19.2,38.1,3129
P0200401,咖哩粉,,417,13.9,58.5,14.1,552
P0200501,咖哩塊,,515,5.6,45.4,34.5,4180
P0200601,油蔥酥,,518,7.4,57.1,28.8,30
P0200701,梅子粉,,286,2,60.8,3.9,10507
P0200801,椰子粉,,629,7.2,27.8,60.3,29
P0200901,蒜頭酥,,452,11.7,61.2,17.8,32
P0201001,糖粉,,399,0,99.3,0.2,1
P0201101,椰漿,,208,1.1,0,23.1,23
P0201201,黃耆水,,14,0.9,2.9,0,2
P0201301,黃耆片,,321,14.9,68.7,1.6,16
P0201401,陳皮,,349,6.9,74.8,2.4,3
P0201501,山楂,,345,1.9,78.7,2.5,12
P0300101,岩鹽,,2,0,0.4,0.1,34468
P0300201,低鈉鹽,,11,0,2.8,0,18341
P0400101,味精,,251,44.5,18.1,,11656
P0400201,高鮮味精,,269,45,22.3,,11879
P0400301,鮮雞精,,267,10.8,33.3,10.1,17522
P0400401,鰹魚粉,,240,21.9,35.8,1,15888
P0500101,高湯塊(排骨),,363,12.5,24.5,23.9,14158
P0500201,高湯塊(雞肉),,340,14.7,14.5,24.8,16862
P0500301,高湯(豬大骨),,49,4.2,6.6,0.7,4472
P0500401,低脂高湯,,2,0.3,0.3,0,406
P0500501,素食高湯,,17,0.3,4,0,1286
P0600101,米醋,,10,,2.4,,8
P0600201,糯米醋,,17,0.1,4.1,0,81
P0600301,高梁醋,,27,,6.8,,3
P0600401,薏仁醋,,13,,3.3,,183
P0600501,紅醋,紅酢,5,0.3,0.8,0,7
P0600601,香醋,,3,,0.7,,103
P0600701,烏醋,,37,0.5,8.7,0,1571
P0600801,素食烏醋,,42,,10.4,,2131
P0600901,壽司醋,,181,,45.2,,2159
P0700101,醬油,,90,7.8,14.7,,4997
P0700201,薏仁醬油,,83,9.3,11.5,,4774
P0700301,黑豆醬油,"黑豆蔭油,蔭油",114,7.5,20.6,0.2,4077
P0700401,淡色醬油,,78,7.1,11.5,0.4,5278
P0700501,薄鹽醬油(低鈉),低鹽醬油,77,7.4,11.9,,3508
P0700601,薄鹽醬油(低鈉高鉀),,56,6.5,7.6,,3260
P0700701,醬油膏,,103,6.8,19,,4050
P0700801,黑豆油膏,蔭油膏,146,7.8,28.6,0.1,3010
P0700901,薄鹽黑豆醬油膏,,124,7.6,23.3,0.1,2964
P0800101,味醂,"米醂,米霖",220,0.5,54.5,0,108
P0800201,鮮味露,,75,20.1,0,0.1,7803
P0800301,蠔油,,156,6.5,32.2,0.1,5847
P0800401,魚露,,64,10.2,5.3,0.2,8908
P0900101,紅辣椒油,,899,0,0.1,99.8,0
P0900201,香油,,883,,0,99.9,
P0900301,蝦油,,56,7.4,6.4,0.1,8411
P1000101,干貝醬,XO醬,558,16.7,8,51,1109
P1000201,牛肉醬,,507,17,22.2,38.9,989
P1000301,肉燥,,397,9.5,4.2,38.1,941
P1000401,素肉燥,,483,12.4,12.5,42.6,1056
P1000501,義式乳酪醬,,216,8.8,6.9,17,403
P1000601,炸醬,,398,14.6,6.7,34.7,3545
P1000701,素食炸醬,,391,13.9,4.5,35.3,3474
P1000801,海苔醬,,223,6.4,49.3,0,1985
P1000901,麻醬,芝麻醬,643,20.8,21.3,52.8,4
P1001001,速食乾麵麻醬包,,676,13.2,11.8,64,1716
P1001101,白醬,,61,1.2,6.8,3.2,934
P1001201,青醬,,83,0.9,7.7,5.4,1211
P1001301,蕃茄義大利麵醬,,70,3.2,8.9,2.5,768
P1001401,五味醬,,140,1.3,31.9,0.8,1947
P1001501,牛排醬,,130,2.5,30.1,0,2113
P1001601,羊肉爐醬,,130,7.3,8.9,7.2,2945
P1001701,沙茶醬,,729,10.2,10.4,71.8,421
P1001801,素沙茶醬,,670,7.6,11.4,66,1991
P1001901,黃芥茉醬,,74,4.1,6.2,3.7,1154
P1002001,山葵醬,芥茉醬,338,1.1,70.2,5.9,265
P1002101,金桔醬,,84,0.5,19.5,0.4,1750
P1002201,海鮮醬,,228,1.8,50.3,2.2,2271
P1002301,烤肉醬,,157,5.2,32.1,0.8,2604
P1002401,排骨醬,,221,2.3,43.1,4.4,4196
P1002501,甜辣醬,,116,1,28.1,0,1968
P1002601,甜麵醬,,216,4.5,44,2.4,1870
P1002701,朝鮮醬,,106,1.6,19.7,2.3,1502
P1002801,黑胡椒醬,,117,2.5,25.5,0.5,1762
P1002901,日式照燒醬,,227,3,52.6,0.5,1840
P1003001,蒜蓉醬,,282,4.2,21.2,20,817
P1003101,辣蒜蓉醬,,78,2.3,7.8,4.2,5043
P1003201,辣椒醬,,83,2.6,11.5,2.9,4948
P1003301,蔥醬,,149,2.2,19.5,6.8,1122
P1003401,糖醋醬,,131,1.9,25.1,2.6,1858
P1003501,蕃茄醬,,114,1.6,26.7,0.1,1116
P1003601,薑蓉醬,,65,1,9.4,2.6,646
P1003701,蘑菇醬,,58,1.5,7.7,2.4,355
P1003801,米豆醬,,128,7.4,17.9,3,4354
P1003901,蒜味豆豉醬,,270,9.5,19.7,17,3150
P1004001,豆酥醬,,671,12.2,10.4,64.5,1207
P1004101,豆瓣醬,,178,14.2,12.2,8.1,5042
P1004201,辣豆瓣醬,,100,4.5,13.1,3.3,4380
P1004301,紅麴醬,,163,4.6,35,0.5,2687
P1004401,韭花醬,,29,2.1,4.5,0.3,5063
P1004501,香椿醬,,507,8.1,2.3,51.7,962
P1004601,麻婆醬,,190,2.9,23.1,9.5,1753
P1004701,蝦醬,,99,19.6,1.3,1.7,10132
P1100101,沙拉醬,,645,1.9,11.4,65.7,980
P1100102,沙拉醬(2021年取樣),蛋黃醬,630,1.9,16.8,61.7,687
P1100201,無蛋沙拉醬,,479,1.8,19,44,549
P1100202,無蛋沙拉醬(2021年取樣),,631,0.3,22.9,59.8,350
P1100301,千島沙拉醬,,515,1,16.7,49.3,631
P1100401,和風沙拉醬,,129,2.1,26.3,1.7,2853
P1100501,凱撒沙拉醬,,337,1.4,17.3,29.1,1275
P1200101,味噌,,215,10.6,33.1,4.5,4153
P1300101,法式奶酥醬,,596,6.7,37.6,46.5,177
P1300201,巧克力醬(液體),,277,2,65.4,0.8,68
P1300301,草莓果醬,,272,0.4,65,1.2,22
P1300401,葡萄果醬,,261,0,60.9,1.9,52
P1300501,柚子果醬,,268,0.6,64.5,0.8,81
P1300601,桑葚果醬,,227,0.9,54.9,0.4,1
P1300701,白芝麻麵包醬,,685,20,15.3,60.4,30
P1300801,黑芝麻麵包醬,,667,10.6,27,57.4,107
P1300901,花生醬,,657,24,17.9,54.3,306
P1301001,洋蔥麵包醬,,276,1,9.5,26.1,535
P1301101,法式香蒜醬,,791,1.1,3.8,85.7,477
P1301201,無糖黑芝麻醬,,612,20.7,17.7,56,2
P1400101,液體奶精,奶精,262,3.9,2.5,26.3,217
P1400102,液體奶精(2021年),奶精,242,2.2,4.2,24,122
P1400201,奶精粉,"奶精,植物性奶精",544,2.2,59.5,33,158
P1400202,奶精粉(2021年),奶精,550,2.1,57.6,34.6,243
P1400301,奶精粉(低脂),"奶精,植物性奶精",450,2.1,75.2,15.7,99
P1500101,炸排粉,,344,11.9,70,1.8,2927
P1500201,炸雞粉,,333,8.3,71,1.7,3790
P1500301,蒸肉粉(五香),,350,10.3,74.8,1.1,1211
P1500401,熱狗粉,,355,8.4,78.4,0.9,315
P1500501,麵包粉,,370,14.4,74.6,1.5,256
P1500601,酵母粉,,347,46.3,40.4,0,140
Q0100101,冷藏寧波年糕,,220,3.9,49.7,0.6,62
Q0100201,冷藏甜年糕,,242,2.3,57.2,0.4,15
Q0100301,冷藏廣式芋頭粿,,109,2.1,21.5,1.6,242
Q0100401,冷藏廣式蘿蔔糕,菜頭粿,111,2.2,20.4,2.3,251
Q0100501,包餡甜麻糬(紅豆),,329,10,65.7,2.9,44
Q0200101,鹹麻糬,,248,8.7,43.2,4.5,272
Q0300101,芋仔餅,,354,4.6,56.6,12.1,8
Q0300201,月餅(棗泥),,419,6,57.9,18.2,120
Q0300301,綠豆凸,綠豆椪,394,6.9,55.8,15.9,14
Q0300401,蕃薯餅,,331,3.9,54.9,10.6,24
Q0400101,車輪餅(紅豆),,187,2.1,42.3,1.1,108
Q0400201,車輪餅(菜脯),,183,1.4,31.6,5.7,467
Q0500101,太陽餅,,460,5.3,63.6,20.5,3
Q0500201,牛舌餅,,411,5.7,67.4,13.2,66
Q0500301,蛋黃芋頭酥,,217,3.1,44.2,3,34
Q0500401,蛋黃酥,,461,11.4,44.5,26.4,196
Q0500501,鳳梨酥,,484,4.2,62,24.4,59
Q0500601,蘿蔔酥,,427,7.5,52.3,20.9,72
Q0600701,鳳眼糕,,379,3.8,89,0.8,1
Q0600801,米?,豬油?,442,2.6,76.9,13.7,34
Q0700101,可頌,,452,7.3,47.1,26.1,360
Q0700201,泡芙(巧克力),,590,10.3,46.2,40.4,146
Q0700301,蛋塔,,376,4.1,41.1,21.7,85
Q0700401,蛋塔(葡式),,375,3.7,31.9,25.8,119
Q0700501,鬆餅,,257,3.2,55.1,2.6,228
Q0800101,冷凍馬拉糕,,320,7.1,44,12.9,166
Q0800201,銅鑼燒,,332,3.4,57.2,9.9,123
Q0800301,冷凍馬蹄條,,194,4.2,40.1,1.9,277
Q0900101,乳酪蛋糕,,296,7,19.1,21.3,153
Q0900201,海綿蛋糕(圓形),,344,5.1,40.2,18.1,208
Q0900301,提拉米蘇(圓形),,328,4.4,21.1,25.1,105
Q0900401,蜂蜜蛋糕(原味),,346,6.5,47.4,14.5,76
Q0900501,蜂蜜蛋糕(巧克力),,341,6.9,43.1,15.6,134
Q0900601,蜂蜜蛋糕(起司),,352,7.4,39.9,18.1,170
Q0900701,黑森林蛋糕,巧克力鮮奶油蛋糕,277,4.2,25,17.8,76
Q1000101,土司,,289,9.5,48.6,6.3,443
Q1000201,土司(含全穀粉),,292,10,49.2,6.1,355
Q1000301,紅豆土司,,319,9.2,47.7,10.2,290
Q1000401,奶酥麵包,,377,9.1,49.8,15.7,215
Q1000501,肉鬆麵包,,429,8.1,47.6,22.9,417
Q1000601,蜜糖甜甜圈(波/摩堤),波(摩)堤,396,2,50.6,20.7,389
Q1000701,糖粒甜甜圈(油炸),,401,5.3,50.3,19.8,265
Q1000801,菠蘿麵包,,378,9.2,51.5,15,204
Q1000901,葡萄乾奶酥麵包,,306,8.4,50.4,7.9,251
Q1001001,漢堡包,,322,9.1,54.9,7.4,286
Q1001101,餐包,,365,7.2,50.5,14.9,206
Q1001201,雙胞胎麵包,,341,8.4,59.6,7.7,35
Q2100101,仙草凍,,19,0.9,3.7,0.1,71
Q2100102,仙草凍(2020取樣),,19,0.3,4.1,0.2,56
Q2100201,咖啡凍,,75,0.1,18.1,0.2,13
Q2100301,果凍,,91,,22.3,0.2,30
Q2100401,原味愛玉凍,"愛玉,草子仔,草枳子,天拋藤,玉枳,枳子,天拋,風不動",2,,0.4,,13
Q2100501,檸檬愛玉凍,"愛玉,草子仔,草枳子,天拋藤,玉枳,枳子,天拋,風不動",53,,13.1,,28
Q2100601,粉粿,,65,0,15.5,0.1,30
Q2102101,鮮奶布丁,白布丁,110,3,13.1,5.1,54
Q2102201,烤布丁,,138,4.7,13.8,7.1,63
Q2102301,黃布丁,雞蛋布丁,110,2.3,17.3,3.5,66
Q2104101,豆花(花生),,60,2,10.9,0.9,8
Q2104201,傳統豆花(未加糖),,39,3.2,2.1,1.9,22
Q2106101,羊羹,,289,3,67.6,0.7,38
Q2200101,巧克力冰淇淋,,192,4.2,19.9,10.6,80
Q2200201,香草冰淇淋,,182,2.5,22.6,9.1,102
Q2200301,紅豆牛奶冰棒,,155,3.5,24.3,4.9,25
Q2300101,花生仁湯,,108,2.8,12.7,5.1,51
Q4100101,方塊酥,"恩典酥,方塊酥",509,7.1,66.1,24.1,4
Q4100201,夾心餅乾(草莓),,517,4.8,62.8,27.4,303
Q4100301,捲心酥,,490,6.1,71.7,19.9,73
Q4100401,蛋捲(芝麻),,549,6.8,55.5,33.3,225
Q4100501,煎餅,,444,6.3,78.3,11.7,162
Q4100601,營養口糧,,424,6.8,79.7,8.7,333
Q4100701,蘇打餅乾(蔬菜),,512,7.8,64.5,24.7,388
Q4200101,玉米餅乾(原味),,504,7.6,63.8,24.3,314
Q4200201,洋芋片,,553,5.2,55.8,34.3,383
Q4200301,魚酥,,564,8.3,50.3,36.6,695
Q4200401,零食泡麵,,484,11.3,61.3,21.5,1872
Q4300101,雪餅,,487,5.8,72.3,19.4,385
Q4900101,沙其馬,,487,5.6,60.2,24.8,128
Q6100101,牛奶巧克力,,546,9.4,54,32.6,101
Q6100201,花生牛奶巧克力,,489,13,56.9,23.2,50
Q6100301,榛果牛奶巧克力,,590,9,47.5,40.4,45
Q6100401,糖衣牛奶巧克力,,481,4.8,73.6,18.6,61
Q6100501,白巧克力風味糖,,562,8.6,53.8,34.7,109
Q6100601,黑巧克力(85%),,613,10.9,38.7,46.1,5
Q6200101,白芝麻糖,,521,8.4,62.9,26.2,4
Q6200201,黑芝麻糖,,536,8.5,57,30.4,50
Q6200301,花生糖,,562,17.9,43.3,35.3,183
Q6200401,花生貢糖,,511,13.5,55,26.3,118
Q6200501,牛軋糖,,477,9.7,60.8,21.7,316
Q6200601,核棗糕,,425,2.5,71.1,14.6,47
Q6300101,水果軟糖,,411,1.3,82.6,8.4,4
Q6300201,水果QQ軟糖,,343,6.8,78.3,0.2,28
Q6310101,牛奶軟糖,,424,2.9,78,11.1,101
Q6310201,巧克力牛奶軟糖,,422,3.4,76.7,11.3,119
Q6400101,太妃糖,,438,2.7,75.6,13.9,211
Q6400201,蓮藕糖,,395,0.2,97.8,0.4,43
Q6400301,枇杷糖,,394,0.2,98,0.1,14
Q6400401,苦茶糖,,396,0.1,98.5,0.2,7
Q6400501,薑糖,,359,0.3,84,2.5,93
Q6400601,巧克力夾心糖,,403,0.7,93.7,2.8,21
Q6800101,維生素C口含錠(檸檬),,399,0.2,98.3,0.6,9
Q6800201,酵母菌咀嚼錠,,391,23.6,61.4,5.6,186
Q6900101,乳酸球,,474,3.8,66.1,21.7,35
Q6900201,羊乳片,,410,23.4,56.6,10,319
Q6900301,紅豆球,,351,7.1,78.4,1,13
Q6900401,綠豆球,,346,6.2,77.9,1.1,16
Q6900501,棉花糖,,331,3.2,78.9,0.3,16
Q8100101,甘薯蜜餞,,347,0.9,84.3,0.6,163
Q8100201,芒果青,,223,0.6,54.2,0.4,149
Q8100401,芭樂果乾,,347,1.1,85.2,0.2,368
Q8100501,鳳梨果乾,,348,2,84.6,0.3,182
Q8100601,檸檬果乾,,344,0.8,84.6,0.2,292
Q9100101,豆干丁(五香),,383,35.4,19.6,18.1,988
Q9100202,豆干片(沙茶),,464,16.2,36.4,28.2,686
Q9900101,布丁粉,,419,2.7,86.1,7.1,231
Q9900201,冰淇淋粉(香草),,430,15.9,65.3,11.7,583
Q9900301,起酥片,,404,6.7,33.8,26.9,205
R0100101,廣東粥,,81,4.9,9.1,2.8,271
R0200101,冷凍火腿炒飯,,189,5,29.7,5.6,220
R0200201,冷凍蝦仁炒飯,,148,4.7,24.6,3.4,222
R0300101,三角飯糰(肉鬆),,219,5.8,36.6,5.5,224
R0300201,糯米飯糰,,335,5.9,38.3,17.6,393
R0300301,壽司(豆皮壽司),稻禾壽司,194,6.3,31.7,4.7,276
R0400101,肉粽,,235,8.2,30.7,8.8,343
R0400201,鹼粽,,131,2.1,26.8,1.7,214
R0500301,冷凍筒仔米糕,,212,6.5,33.6,5.8,331
R0500401,筒仔米糕,,246,6.6,35.5,8.6,299
R0600101,豬血糕,米血糕,194,8.6,37.8,0.9,414
R0600201,鴨血糕,米血糕,193,6.7,39.1,1.1,1739
R0700101,肉圓,肉丸,136,3.1,27.3,1.6,217
R0700201,清蒸蝦仁肉圓,肉丸,152,4.6,16.7,7.4,429
R0800101,甜酒釀,,163,5,34.8,0.4,2
R0800201,紫米酒釀,,155,4.2,33.6,0.4,1
R0900101,冷凍芝麻湯圓,,352,4.8,46.7,16.3,3
R0900201,冷凍花生湯圓,,350,5.2,47.1,15.6,6
R0900301,冷凍豬肉湯圓,,281,6.5,36.6,12.1,210
R1100101,免煮飯,,168,3.2,37.1,0.3,16
R1100201,埔里米粉,,358,0.5,87.7,0.5,3
R1100301,細米粉,,355,0.4,87.2,0.6,197
R1100401,濁水米粉,,357,5.3,81.1,1.3,209
R1100501,米粄條,美濃粄條,129,1.1,29.2,0.9,82
R1100601,米苔目,,121,0.6,29.6,0.1,10
R1100701,粿仔條,,193,0.5,45,1.2,15
R1300101,米漿(散裝),,62,0.6,13.7,0.5,2
R1300201,保久米漿,,62,1,11.3,1.5,21
R1300301,糙米漿,,71,1.3,11.6,2.2,20
R1300401,糙秈米漿,,68,0.9,11.4,2.1,28
R1300501,糯米漿,,51,0.8,10.2,0.8,27
R1300601,黑糯米漿,,50,0.4,11.6,0.2,14
R1310101,米漿粉,,444,9.1,74.3,12.3,3
R1500101,燕麥奶,,44,1,8.1,0.8,14
R1600101,玉米粒罐頭,,90,2.3,16.9,1.4,208
R1600201,玉米醬罐頭,,66,1.4,14,0.4,276
R1700101,麵筋(未調味),,643,42.5,0,53,7
R1700201,麵腸(未調味),,138,20.6,9.7,1.9,47
R1800101,水餃皮,,264,7.8,57,0.5,629
R1800201,春捲皮,,241,8.3,50.4,0.7,545
R1800301,餛飩皮,,271,8.3,58.2,0.5,501
R1900101,長麵線,壽麵線,310,10.7,64.3,1.1,2874
R1900201,紅麵線,,307,11.3,62.3,1.4,2813
R1900301,麵線,,350,11.7,72.4,1.5,752
R1900401,雞絲麵,,463,9.4,55,22.8,2450
R2000101,乾麵條,,350,11.6,72.5,1.5,362
R2000201,油麵條,油麵,361,11.4,76.3,1.2,712
R2000301,紅蘿蔔麵,,352,12.1,73.8,1,368
R2000401,通心麵,,359,13.8,72.6,1.4,25
R2000501,菠菜麵,,356,11.8,74.4,1.2,310
R2000601,鍋燒意麵,,479,10,58.5,22.8,990
R2000701,雞蛋麵,,358,12.5,74.8,0.9,467
R2000801,刀削麵,,267,8.4,56.2,0.9,226
R2000901,拉麵,,292,9.1,62.1,0.8,429
R2001001,意麵,,290,10.1,60.1,1,572
R2001101,衛生油麵,,163,5.5,31.2,1.8,67
R2001201,金門黃麵,,158,6.4,31.9,0.5,326
R2001301,冷凍烏龍麵,,129,3.4,28.2,0.3,192
R2001401,鍋燒麵,,120,4.5,24.6,0.4,42
R2001501,蕎麥麵(乾),,349,12.7,70.6,1.7,733
R2001502,蕎麥麵(濕),,153,6.3,28.6,1.5,136
R2100101,炒板條,,149,4.2,23.7,4.2,307
R2100201,泡麵(牛肉口味),,473,9.6,53.6,24.5,2077
R2100301,泡麵(鮮蝦口味),,475,9.6,55.5,23.8,1889
R2100401,擔仔麵,,124,4.4,11.9,6.5,312
R2200101,冷凍牛肉水餃,,215,8.9,23.1,9.7,383
R2200201,冷凍豬肉水餃,,208,8.1,22.1,9.7,447
R2200301,冷凍豬肉韭菜水餃,,229,8.4,23,11.5,439
R2200401,冷凍豬肉蟹黃水餃,,223,7.8,26,9.8,472
R2200501,冷凍香菇雞肉水餃,,221,9.5,22.7,10.2,350
R2200601,冷凍素食水餃,,175,8.7,25.8,4.1,369
R2200701,冷凍鮪魚水餃,,196,9,20.8,8.5,275
R2200801,冷凍豬肉熟水餃,,235,7.2,28.9,10.1,333
R2200901,冷凍素食熟水餃,,209,7.2,32.9,5.4,491
R2201001,冷凍冬菜蝦仁餛飩,雲吞,191,9.1,24.5,6.3,316
R2201101,冷凍豬肉餛飩,雲吞,240,11.1,20.5,12.6,428
R2201201,冷凍菜肉餛飩,雲吞,236,9.1,13.3,16.3,693
R2201301,溫州餛飩,大餛飩,145,6.5,11.9,7.9,381
R2201401,豬肉鍋貼,,238,7.8,26.2,11.3,314
R2201501,熟水餃(高麗菜水餃),,199,7.4,19.7,10.1,301
R2300101,冷凍叉燒包,,266,8.8,47,4.8,167
R2300201,冷凍酸菜焢肉包子,,301,8.6,37.2,13.1,343
R2300301,冷凍芋泥包,,263,6.6,51.1,3.6,46
R2300401,冷凍豆沙包,,247,7.4,51.8,1.1,60
R2300501,冷凍芝麻包,,341,7.2,51.7,11.7,24
R2300601,冷凍蓮蓉包,,292,7.9,52.8,5.5,82
R2300701,冷凍叉燒包子,,267,7.1,46,6.1,210
R2300801,冷凍牛肉包子,,269,10.8,46.1,4.6,261
R2300901,冷凍豬肉包子,,266,7.6,38.2,9.2,230
R2301001,冷凍豬肉湯包,,235,10.1,16.3,14.3,447
R2301101,小籠包,,242,9.6,15.9,15.5,248
R2301201,冷凍素菜包子,,234,8.6,41.4,3.8,244
R2301301,竹筍包,,209,6.9,32.9,5.5,348
R2400101,冷凍白饅頭,,279,7.4,57,2.4,91
R2400201,白饅頭,,248,8.1,51.3,1.2,182
R2400301,芋頭饅頭,,155,5.7,31.5,0.6,71
R2400401,花捲,,227,5.7,47,1.9,425
R2400501,冷藏堅果饅頭,,307,9.6,47.3,8.8,119
R2400601,黑糖饅頭,,235,6.8,50,0.9,41
R2400701,冷凍銀絲卷(奶黃),,283,8.9,54.5,3.3,11
R2500101,火腿蛋三明治,,275,10.9,28.2,13.2,426
R2600101,披薩(夏威夷),,270,12,35.9,8.7,437
R2600201,冷凍披薩(黑胡椒火腿),,210,9.3,27.7,6.9,405
R2700101,蔥油餅,,305,8.3,46.9,9.3,257
R2700201,冷凍蔥油餅,蔥油派,258,9.1,48.5,3.1,602
R2700301,冷凍蛋餅皮,,231,5.7,43.7,3.7,291
R2700401,燒餅,,323,9.1,51.1,9.1,458
R2800101,韭菜盒子,,217,7.5,19.5,12.1,287
R2800201,大餅包小餅(紅豆),,376,8.3,48.5,16.5,135
R2800301,水煎包,,166,4.3,25.2,5.4,310
R2800401,牛肉餡餅,,225,9.6,23.3,10.4,350
R2800501,豬肉餡餅,,327,6.2,23.1,23.3,290
R2900101,冷凍燒賣,,188,9.9,15.3,9.7,384
R2900201,冷凍水晶包,,211,4.8,30.4,7.8,193
R2900301,"冷凍,水晶餃",,190,2.8,36.8,3.5,348
R3000101,油條,,551,10.1,37.3,40.2,341
R3000201,冷凍春捲,,272,5.1,31.5,13.9,449
R3000301,蚵仔煎,,192,4.9,19.7,10.4,479
R3000401,棺材板,,264,7,19.7,17.5,299
R3000501,油豆腐粉絲(阿給),阿給,146,6.9,15.7,6.2,162
R3100101,冷凍可樂餅(奶汁),,114,3.6,19.8,2.3,338
R4100101,芋圓,,214,0.9,52.1,0.2,2
R4100201,粉圓,,346,0.2,86.2,0,13
R4100301,冷凍甘薯條,薯條,182,1.8,29,6.5,67
R4100401,冷凍馬鈴薯條,薯條,151,2.2,25.5,4.5,18
R4100501,西谷米,,360,0.1,89.7,0.1,14
R4400101,台式泡菜,,59,0.9,13.1,0.3,330
R4400201,黃金泡菜,,111,2.4,12.5,5.7,497
R4400301,韓式泡菜,,35,2,5.8,0.4,487
R4400401,花瓜罐頭,,89,2.9,18.8,0.2,1458
R4400501,冷凍洋蔥圈,,281,4,41.4,11,503
R4400601,醃辣椒,剝皮辣椒,53,1.9,10.6,0.3,1520
R4400701,桂竹筍片,,19,1,3.3,0.2,815
R4400801,麻竹筍干,,400,,100,,
R4400901,薤,"蕗蕎,薤頭,火蔥,蕎蔥,大韭(?),露京,蕎頭,叫頭",11,0.5,1.9,0.2,2586
R4401001,甘藍乾,高麗菜乾,194,7.2,38.9,1.1,3854
R4401101,酸甘藍菜,酸高麗菜,24,1.4,4.2,0.2,497
R4401201,梅乾菜,,116,5.5,20.8,1.1,11555
R4401301,榨菜,"榨菜藺蕓苔,四川榨菜,疙瘩菜,稜角菜,筆架菜,香爐菜,瘤菜",27,1.3,4.6,0.4,2790
R4401401,酸菜,"鹹菜,鹼菜,醃(大/鹹)酸菜,大鹹菜,鹹菜仁",19,0.8,3.2,0.3,1447
R4401501,醃漬冬瓜,"白瓜,東瓜,枕瓜,水芝,地芝",28,2.5,4.1,0.2,3690
R4401601,醃漬花胡瓜,"小黃瓜,花瓜,小胡瓜,小瓜,小刺瓜,水胡瓜",89,3,18.1,0.5,1603
R4401701,醃漬越瓜,"醃瓜,菴瓜,梢瓜,酥瓜,甜瓜,羊角瓜,稍瓜,生瓜,白瓜,青瓜,百香胡瓜",18,1.1,3.1,0.2,873
R4500101,銀耳罐頭,"白木耳,雪耳",49,0.1,12,0.1,7
R4500201,草菇罐頭,"蘭花菇,美味草菇,包腳菇,中國蘑菇,稈(麻/貢)菇,南華菇,家生菇(小包腳菇)",36,3.3,5.4,0.1,306
R4500301,醃漬香菇,"冬(北/花/厚/毛)菇,椎茸,香蕈(信/椹),合蕈",56,3,10.6,0.1,723
R4500401,秀珍菇罐頭,"平菇,小平菇,側耳平菇,蠔菇,袖珍(鮑魚)菇(側耳)",30,1.7,4.7,0.5,245
R4500501,金針菇罐頭,"金(冬/榎/朴)菇,金絲菇,金菇菜,秋葷,樸蕈構菌,毛柄金線菇,菌子(絨柄金錢菇)",27,1.7,4.5,0.2,959
R4500601,洋菇罐頭,"西洋蘑菇(蘑菇,雙孢蘑菇)",31,2.9,4.3,0.3,532
R4500701,猴頭菇罐頭,"猴頭蘑,刺蝟菌,蝟菌,花菜菇,圓頭菇,陰陽蘑,對臉蘑",31,1,6.5,0.1,174
R4600101,高纖胚芽冬粉,粉絲,364,0.6,90,0.2,2
R4600201,冬粉,粉絲,351,0.1,87.5,0.1,10
R4600301,寬粉,寬條冬粉,349,0.1,86.9,0.1,4
R4700101,佃煮黑豆,,271,10.5,43.5,6.2,251
R4700201,豆干絲,,170,18.3,4.8,8.6,549
R4700202,五香豆干,,197,19.3,6.2,10.6,445
R4700203,小方豆干,,161,17.4,3.5,8.6,116
R4700301,黑豆干,,197,19,2.1,12.5,123
R4700401,豆腐皮,豆皮,209,25.3,2.4,11,23
R4700501,日式炸豆皮,,388,19.2,4.9,32.4,1
R4700601,豆豉,蔭豉,237,20.4,12.8,11.5,6075
R4700701,豆棗,,420,11.7,50,19.2,854
R4700801,百頁豆腐,千張豆腐,196,13.4,6.3,13.1,425
R4700901,傳統豆腐,板豆腐,88,8.5,6,3.4,2
R4700902,傳統豆腐(2022年取樣),板豆腐,96,9.6,1.9,5.5,7
R4701001,冷凍豆腐,凍豆腐,131,12.9,3.9,7.1,8
R4701101,小三角油豆腐,,160,12.7,0,13.3,1
R4701201,嫩豆腐,,53,4.9,1.6,3,32
R4701301,雞蛋豆腐,,79,6.9,2.7,4.6,307
R4701401,麻油辣腐乳,,107,9,4.8,5.8,3675
R4800101,素肉,,210,23.9,6,10.1,731
R4800201,冷凍素雞塊,,206,14.2,19,8.1,456
R4900101,花生麵筋罐頭,,206,11,15.5,11.1,778
R4900201,香菇麵筋罐頭,,192,10.7,14.9,10,916
R4900301,花豆罐頭(糖漬),"紅花豆,紅(赤)花菜豆,花仔(阿/柳)豆",204,7.6,43.5,0,7
R4900401,紅豆罐頭(糖漬),"小豆,赤小豆,赤豆,通常小豆,小紅豆,紅小豆",233,8,49.5,0.3,8
R4900501,甘納豆,,333,6.6,74.5,1,184
R4900601,豌豆仁罐頭,"荷蓮豆仁,荷仁豆仁,荷蘭豆仁,花蓮豆仁,飛龍豆仁,青豆仁,胡豆仁,畢豆仁,宛豆仁,孫豆仁,丸豆仁,留",126,7.2,22.1,0.9,211
R4900701,鹽酥蠶豆,"蠶豆酥,蠶豆子,蠶豆花",481,26.9,46.3,20.9,386
R5000101,豆漿,豆奶,60,3.2,9,1.3,36
R5000201,雞蛋豆漿,雞蛋豆奶,56,1.9,9.2,1.3,24
R5000301,鹹豆漿,,37,3.5,1.7,1.8,198
R5000501,豆漿優酪乳,豆奶優酪乳,70,2,12.9,1.2,8
R5000601,DHA豆奶,,44,1.7,8,0.5,34
R5010101,豆漿粉,豆奶粉,434,37.4,32.5,17.1,0
R5100101,叉燒肉,,253,17.2,16.5,13.1,841
R5100201,切片火腿(牛肉),"三明治火腿,火腿片",121,15.9,9.4,2.2,1200
R5100301,切片火腿(豬肉),"三明治火腿,火腿片",147,16.5,9,4.9,1006
R5100401,切片火腿(雞肉),"三明治火腿,火腿片",148,15.3,10,5.3,1040
R5100501,"條狀火腿(牛肉,黑胡椒)",,113,18.9,4.1,2.3,1125
R5100601,條狀火腿(豬肉),,145,16.2,11.5,3.8,1029
R5100701,醬肘子,"醬肘花,醬汁燒蹄膀",134,19,0,6.6,671
R5100801,培根,三層煙肉,372,13.5,0,35.6,610
R5100901,臘肉(五花肉),,525,18.5,2.4,49,1539
R5100902,臘肉(腿肉),,377,26.7,6.4,27.2,3220
R5101001,滷牛筋,滷蹄筋,119,21.1,2.6,2.8,524
R5101101,滷豬腳,,237,28.4,0,15.4,187
R5101201,醃燻豬肝,,167,26.8,4.2,4.7,905
R5101301,膽肝,"鹹豬肝,粉肝,柴肝",252,31.2,13.9,7.9,3204
R5200101,片狀肉乾(牛肉),牛肉干,335,30.3,41.8,5.2,1317
R5200102,"片狀肉乾(牛肉,辣味)",辣味牛肉干,335,38,29.9,7,1537
R5200201,片狀肉乾(豬肉),豬肉干,329,30,41,5,1177
R5200301,條狀肉乾(豬肉),"豬肉乾,豬肉干",345,43.2,25.1,7.9,1325
R5300101,牛肉香腸,,298,20.7,7.8,20.5,792
R5300201,香腸,,354,17,12.3,26.3,1026
R5300202,香腸(蒜味),,387,16.6,17.7,27.8,1021
R5300203,蒟蒻香腸(蒜味),,289,19.4,19.3,14.9,1106
R5300301,小巧香腸,小香腸,362,15.1,11.9,28.2,912
R5300401,雞肉香腸(大),,283,22.4,11.8,16.3,914
R5300402,雞肉香腸(小),,459,13.9,15.9,37.7,699
R5300501,熱狗,,257,13.3,10.2,18.1,607
R5300601,德國香腸,,275,15.9,4.6,21.4,547
R5300701,冷凍小香腸,,249,14.8,7.4,17.8,722
R5400101,冷凍珍珠丸,,225,9.5,20.9,11.5,313
R5400201,冷凍貢丸,,244,16.6,0,20.3,580
R5400301,冷凍雞肉丸,,202,10.5,12.3,12.3,597
R5500101,冷凍牛肉漢堡肉,,249,14.4,6.3,18.5,302
R5500201,冷凍雞塊,,228,15.3,12.6,12.9,596
R5600101,豬肉脯,豬肉絨,441,33.4,20.3,25.1,1518
R5600201,豬肉酥,豬肉鬆,513,33,31.6,28.3,1467
R5600301,雞肉酥,雞肉鬆,451,26.7,53.2,14.6,1644
R5900101,肉羹,,247,9.7,18.9,14.7,512
R5900201,冷凍咕咾肉,,184,6.4,18.3,9.5,395
R5900301,豬腳凍,,145,16.6,2,7.8,726
R6100101,冷凍花枝丸,,166,12.7,13,7,456
R6100201,冷凍虱目魚丸,,206,13.7,11,11.9,551
R6100301,冷凍文蛤丸,,211,16.2,15.8,9.2,565
R6100401,冷凍旗魚丸,,160,12.8,12,6.7,700
R6100501,冷凍鱈魚丸,,99,8.5,10.7,2.4,459
R6100601,冷凍蝦丸,,123,10.8,14.7,2.3,780
R6200201,冷凍花枝排,,187,5.5,24.9,7.3,648
R6200301,冷凍鮪排,,143,13.4,20.4,0.9,664
R6200401,冷凍蝦餅,,127,9.6,17.3,2.1,337
R6300301,冷凍干貝酥,,146,8.3,27.7,0.2,802
R6300401,冷凍花枝塊,,180,11.3,17,7.5,508
R6300501,冷凍旗魚塊,,178,15.3,14.7,6.5,423
R6400101,冷凍蚵捲,,213,6.9,7,17.5,463
R6400201,冷凍魚捲,,126,13.8,17.1,0.3,401
R6400301,冷凍蝦捲,,156,10.3,16,5.7,667
R6500101,冷凍魷魚圈,,143,15.7,19.2,0.4,443
R6600101,冷凍花枝餃,,177,12.4,19.2,5.6,723
R6600201,冷凍香菇餃,,233,12.3,11.5,15.3,673
R6600301,冷凍蛋餃,,183,12.1,2.1,14.1,472
R6600401,冷凍雪螺餃,,204,11.6,16.7,10,788
R6600501,冷凍魚餃,,277,12.5,12.9,19.5,663
R6600601,冷凍蝦餃,,273,11.4,13.5,19.3,622
R6600701,冷凍燕餃,,321,12.8,14.5,23.6,604
R6700101,冷凍蟹味棒,蟹肉棒,118,9.3,18.6,0.7,694
R6700201,冷凍魚卵卷,,115,12.9,15.5,0.2,830
R6700301,魚板,,128,10,17.6,2,863
R6700401,天婦羅,甜不辣,176,12.4,21,4.7,684
R6700501,冷凍花枝漿,,227,11.2,17.1,12.6,637
R6700601,冷凍花枝羹,,126,11.4,9.4,4.7,448
R6800101,魚肉脯,,104,21.9,0.2,1.7,1482
R6800201,鯖魚肉脯,,685,33.8,1.5,60.4,563
R6800301,魚肉鬆,魚肉酥,470,28.2,43.8,20.2,1761
R6800401,旗魚鬆,,481,31.3,37.4,22.9,1679
R6800501,鮭魚鬆,,452,29,35.3,21.6,1500
R6900101,香筍鮪魚罐頭,,261,10,0.9,24.1,588
R6900201,茄汁鯖魚罐頭,,116,17.6,2.8,3.8,357
R7100101,蒜味甘扁桃仁,蒜味杏仁果,648,23.3,18,53.6,203
R7100201,杏仁霜,"杏仁粉,杏仁茶",554,9.7,47.1,36.4,172
R7100301,蜜汁松子仁,,697,14.9,19,62.4,2
R7100401,鹽酥夏威夷豆,夏威夷火山豆,773,9.4,12,76.3,80
R7100501,甜核桃,,723,14.4,14.7,67.4,28
R7100601,糖炒栗子,,209,4.2,46.3,0.8,2
R7100701,蜜汁腰果,,600,17.6,34.3,43.6,12
R7100801,玉桂西瓜子,,529,31.1,23.8,34.4,854
R7100901,醬油西瓜子,,547,29.5,22.5,37.7,685
R7101001,鹽酥帶殼花生(熟),"土豆,長生果,落花生",568,28.2,28.1,38.1,319
R7101101,醃漬花生仁,"土豆,長生果,落花生",288,10.6,2.9,26,
R7101201,糖漬花生仁,"土豆,長生果,落花生",382,14.2,28.8,23.3,37
R7101301,油炸花生仁,"土豆,長生果,落花生",623,28.9,18,48.4,430
R7101401,蛋酥花生仁,"土豆,長生果,落花生",606,21.1,31.8,43.8,45
R7101501,鹽酥花生仁,"土豆,長生果,落花生",557,28.8,29.6,35.9,454
R7101601,調味南瓜子(去殼),白瓜子,607,30.4,13.5,47.9,183
R7101602,調味南瓜子(帶殼),白瓜子,607,25.9,19.5,47.2,395
R7101701,甘草葵瓜子(帶殼),,564,26.8,25.8,39.3,637
R7101801,鹽酥葵瓜子(帶殼),,619,25.9,17.8,49.3,668
R7101901,糖漬蓮子,,230,5.7,51.4,0.1,11
R7300101,烤雞,手扒雞,233,22.8,3.6,14.2,195
R7300201,冷凍烤雞翅,,217,18.8,3.6,14.2,509
R7300301,鴨賞,,304,31.1,5.3,17.6,2853
R7300401,茶鵝,,352,15.6,0,32.6,377
R7300501,熟鵝腿肉,,285,18.5,0,23.6,43
R7500101,鯊魚煙,,68,22.3,0,0.4,258
R7500201,日本鰻鱺魚片(蒲燒),"白鰻,日本鰻,正鰻,白鱔,鰻鱺,土鰻(澎湖),淡水鰻(澎湖) ",272,25,0.9,18.7,421
R7500301,鹽漬小鱗脂眼鯡(鹹馧仔),"臭肉?,?仔,圓眼仔,?魚,?仔魚,圓仔魚(幼魚),脂眼鯡,臭肉,臭肉魚/肉?(澎湖) ",224,17.4,0.3,17,1511
R7500401,鯖魚(醃製),鹹鯖魚,281,14.9,1.3,24,889
R7500402,鯖魚(醃製)(2022年取樣),鹹鯖魚,296,17,9.8,21,245
R7500501,毛鱗魚(柳葉魚)(裹粉未炸),柳葉魚,171,12.9,19,4.9,493
R7500601,油魚卵(加工),油魚子,416,46.6,0,27.3,688
R7500701,圓鱈魚卵(加工),,84,11.2,0,4.4,1677
R7500801,鯔魚卵(加工),"烏魚卵,烏魚子",297,36.6,18.7,8.5,1194
R7500802,鯔魚卵(加工)(2022年取樣),"烏魚卵,烏魚子",431,38.9,4.4,28.7,867
R7500901,醃漬鮭魚卵,,218,24.9,6.7,10.2,687
R7501001,香魚片,,307,36.1,39.1,0.7,1239
R7501101,龍蝦卵(調味),,64,6.7,5.2,1.8,2868
R7501201,蠑螺(加工),,105,14.8,11,0.2,1035
R7501301,鹹小卷,"鹹鎖管,鹽漬小卷",100,20.1,1.9,1.3,4254
R8100101,沖泡濃湯(海鮮),,355,11.2,62,6.9,6118
R8100201,玉米濃湯調理包,,369,4.4,74.7,5.9,4171
R8100301,麥片沖泡包(三合一),,409,11,74.3,7.5,313
R8100401,三合一麥片(野菜蘑菇),,399,6.8,72.7,9,1050
R8100501,糙米麩,,387,7.8,81.4,3.3,7
R8100601,麵茶粉,,423,7.2,82.9,7,51
R8100701,植物燕麥奶粉(營養強化),,437,12,67.5,13.2,125
R8100801,杏仁茶沖泡包,綜合堅果穀粉,399,3.5,84.7,5.2,93
R8100901,芝麻糊沖泡包,,458,9.3,70.7,15.4,78
R8101001,綜合堅果穀物沖泡包,,453,13.3,65.4,15.4,42
R8200101,寒天脆藻,水晶脆藻,11,0,2.5,0,12
R9900101,生啤酒,,50,0.4,8.2,0,2
R9900102,啤酒,,49,,8.9,0,3
R9900201,陳年紹興酒,,133,1.8,19.1,0,3
R9900301,白葡萄酒,,90,0.1,14.2,0,3
R9900302,紅葡萄酒,,93,0.1,14.8,0,3
R9901101,雞精,,34,8.6,0,0,86
